satellite_id,time_since_launch,orbital_altitude,battery_voltage,solar_panel_temperature,attitude_control_error,data_transmission_rate,thermal_control_status,assigned_tier,true_condition,true_satellite_health,_risk_score_debug
SAT-1,2564,1681.297,21.966,21.131,3.871,18.946,0,Unhealthy_Anomaly,Warning Condition,0,5
SAT-1,567,1059.154,26.824,-16.359,1.056,75.083,1,Healthy,Healthy / Normal,1,0
SAT-1,589,776.967,22.622,38.633,3.993,23.376,1,Warning,Warning Condition,0,5
SAT-1,683,738.021,23.727,-6.367,2.768,37.002,0,Minor_Unusual,Minor Unusual Behavior,1,2
SAT-1,1648,928.5,28.065,-16.645,0.557,48.213,1,Healthy,Healthy / Normal,1,0
SAT-1,2479,1861.289,20.809,-27.954,3.84,16.318,1,Unhealthy_Anomaly,Minor Unusual Behavior,1,3
SAT-1,1857,1092.665,20.655,25.045,4.014,17.344,0,Unhealthy_Anomaly,Unhealthy / Anomaly,0,7
SAT-1,342,825.151,28.386,-11.496,1.054,82.476,1,Healthy,Healthy / Normal,1,0
SAT-1,692,1312.476,20.689,46.783,4.659,10.546,0,Critical,Critical,0,9
SAT-1,506,930.0,25.507,-6.294,1.575,89.507,1,Healthy,Healthy / Normal,1,0
SAT-1,1756,918.765,22.732,-7.499,3.856,25.972,0,Warning,Minor Unusual Behavior,1,3
SAT-1,1676,1257.168,24.138,-20.339,2.276,46.901,1,Minor_Unusual,Healthy / Normal,1,0
SAT-1,655,1571.409,23.866,-16.699,2.045,37.093,1,Minor_Unusual,Healthy / Normal,1,0
SAT-1,1117,1857.692,28.328,-4.609,0.985,51.2,1,Healthy,Healthy / Normal,1,0
SAT-1,830,1447.482,21.214,6.429,3.991,17.207,1,Unhealthy_Anomaly,Warning Condition,0,5
SAT-1,2532,1840.871,24.473,-7.952,2.235,48.377,0,Minor_Unusual,Minor Unusual Behavior,1,2
SAT-1,2217,830.401,25.742,-0.01,0.537,74.486,0,Healthy,Minor Unusual Behavior,1,2
SAT-1,354,1812.559,28.601,-11.04,1.031,46.38,1,Healthy,Healthy / Normal,1,0
SAT-1,2540,1362.37,24.136,30.535,2.584,42.546,1,Minor_Unusual,Minor Unusual Behavior,1,2
SAT-1,728,879.797,27.992,-7.292,1.888,82.021,1,Healthy,Healthy / Normal,1,0
SAT-1,479,1752.265,24.116,28.57,2.263,40.902,1,Minor_Unusual,Healthy / Normal,1,0
SAT-1,579,768.85,24.984,6.48,1.429,80.386,1,Healthy,Healthy / Normal,1,0
SAT-1,1534,1085.497,27.39,16.143,1.315,90.065,1,Healthy,Healthy / Normal,1,0
SAT-1,2569,1649.375,25.02,3.216,2.298,46.857,1,Healthy,Healthy / Normal,1,0
SAT-1,508,840.932,22.582,-17.357,3.04,29.285,1,Warning,Healthy / Normal,1,0
SAT-1,1981,1328.991,21.756,5.08,3.557,24.592,1,Warning,Minor Unusual Behavior,1,3
SAT-1,2395,1025.157,22.868,-27.348,2.631,48.042,1,Minor_Unusual,Healthy / Normal,1,0
SAT-1,1480,1274.317,23.27,-1.391,2.292,42.502,1,Minor_Unusual,Healthy / Normal,1,0
SAT-1,1014,1173.73,20.316,-48.191,4.635,11.72,0,Critical,Critical,0,9
SAT-1,1061,984.614,21.848,-32.84,3.117,24.987,1,Warning,Warning Condition,0,5
SAT-1,965,1048.105,27.133,-9.14,1.078,86.528,1,Healthy,Healthy / Normal,1,0
SAT-1,2576,1299.686,23.677,31.974,2.737,46.344,0,Minor_Unusual,Warning Condition,0,4
SAT-1,534,747.602,20.834,47.489,4.91,10.426,0,Critical,Critical,0,9
SAT-1,285,1860.689,21.967,-1.743,3.639,22.242,1,Warning,Minor Unusual Behavior,1,3
SAT-1,1803,1645.3,28.545,-3.494,0.985,69.31,1,Healthy,Healthy / Normal,1,0
SAT-1,386,1046.283,23.827,31.779,2.134,47.747,1,Minor_Unusual,Minor Unusual Behavior,1,2
SAT-1,1012,1312.526,22.67,17.821,2.862,39.727,1,Minor_Unusual,Healthy / Normal,1,0
SAT-1,392,1010.918,21.343,-2.504,3.859,19.273,0,Unhealthy_Anomaly,Warning Condition,0,5
SAT-1,932,1768.329,22.081,16.525,3.552,31.111,1,Warning,Minor Unusual Behavior,1,2
SAT-1,398,803.646,24.148,-12.228,1.972,60.572,1,Healthy,Healthy / Normal,1,0
SAT-1,1988,1443.2,23.123,12.924,3.11,35.186,1,Minor_Unusual,Healthy / Normal,1,0
SAT-1,1246,724.723,26.783,6.739,1.47,49.905,1,Healthy,Healthy / Normal,1,0
SAT-1,1385,1286.26,23.2,-1.557,3.28,41.652,1,Minor_Unusual,Healthy / Normal,1,0
SAT-1,290,1249.609,27.528,8.331,0.942,86.322,1,Healthy,Healthy / Normal,1,0
SAT-1,758,801.676,24.775,5.581,1.839,77.205,1,Healthy,Healthy / Normal,1,0
SAT-1,388,1045.895,25.69,1.669,0.36,85.927,1,Healthy,Healthy / Normal,1,0
SAT-1,2242,1531.004,24.876,-9.316,1.016,57.398,1,Healthy,Healthy / Normal,1,0
SAT-1,1565,1299.296,23.689,15.038,2.802,40.953,1,Minor_Unusual,Healthy / Normal,1,0
SAT-1,2348,1306.23,27.979,12.665,1.76,69.289,1,Healthy,Healthy / Normal,1,0
SAT-1,2501,710.306,24.436,-26.727,2.076,42.203,0,Minor_Unusual,Minor Unusual Behavior,1,2
SAT-1,2328,1760.774,24.057,16.37,2.816,41.874,1,Minor_Unusual,Healthy / Normal,1,0
SAT-1,563,889.546,20.434,-45.454,4.572,12.918,0,Critical,Critical,0,9
SAT-1,1851,1387.918,23.832,2.425,2.259,45.164,1,Minor_Unusual,Healthy / Normal,1,0
SAT-1,1037,1027.841,22.841,-16.583,3.689,27.212,1,Warning,Healthy / Normal,1,1
SAT-1,471,1298.313,24.313,-2.838,1.885,74.193,1,Healthy,Healthy / Normal,1,0
SAT-1,2294,1861.424,22.661,27.449,2.354,36.851,1,Minor_Unusual,Healthy / Normal,1,0
SAT-1,2186,1704.791,20.444,-44.405,4.761,15.421,0,Critical,Critical,0,9
SAT-1,1979,1835.673,28.888,-5.218,1.135,79.333,1,Healthy,Healthy / Normal,1,0
SAT-1,920,1636.713,21.296,7.519,3.922,14.173,0,Unhealthy_Anomaly,Warning Condition,0,5
SAT-1,1190,1723.645,27.883,-10.462,1.101,93.223,1,Healthy,Healthy / Normal,1,0
SAT-1,882,1775.861,24.075,-3.157,3.059,36.899,0,Minor_Unusual,Minor Unusual Behavior,1,2
SAT-1,2378,1690.845,24.445,11.811,1.334,57.011,1,Healthy,Healthy / Normal,1,0
SAT-1,735,741.436,27.083,10.864,2.135,64.107,1,Healthy,Healthy / Normal,1,0
SAT-1,958,1653.982,26.778,-18.817,1.683,74.234,1,Healthy,Healthy / Normal,1,0
SAT-1,2032,1570.593,21.252,-27.736,4.282,17.879,1,Unhealthy_Anomaly,Warning Condition,0,5
SAT-1,378,1291.126,22.003,34.518,3.032,25.089,1,Warning,Warning Condition,0,5
SAT-1,1950,1143.287,24.045,-28.902,2.441,43.263,1,Minor_Unusual,Healthy / Normal,1,0
SAT-1,1141,1730.89,23.874,0.494,2.153,41.41,1,Minor_Unusual,Healthy / Normal,1,0
SAT-1,1974,846.93,27.04,7.44,0.534,64.426,1,Healthy,Healthy / Normal,1,0
SAT-1,1030,836.506,23.135,-6.47,2.539,44.592,1,Minor_Unusual,Healthy / Normal,1,0
SAT-1,2144,1481.028,24.021,-15.531,2.432,36.224,1,Minor_Unusual,Healthy / Normal,1,0
SAT-1,1931,1243.44,20.493,47.818,4.991,13.949,0,Critical,Critical,0,9
SAT-1,1068,1828.303,24.16,23.69,2.692,43.386,1,Minor_Unusual,Healthy / Normal,1,0
SAT-1,2273,1539.65,21.561,-35.254,3.597,25.64,0,Warning,Unhealthy / Anomaly,0,7
SAT-1,1812,1644.651,28.56,16.868,1.98,55.008,1,Healthy,Healthy / Normal,1,0
SAT-1,2372,1329.484,21.19,-35.41,3.808,16.79,1,Unhealthy_Anomaly,Warning Condition,0,5
SAT-1,1451,1713.217,21.391,33.943,4.211,17.862,0,Unhealthy_Anomaly,Critical,0,9
SAT-1,423,1126.267,20.513,-49.487,4.911,11.313,1,Critical,Unhealthy / Anomaly,0,7
SAT-1,2231,1396.689,28.495,5.941,0.287,53.711,1,Healthy,Healthy / Normal,1,0
SAT-1,1820,1052.552,20.719,-39.555,4.596,20.058,1,Unhealthy_Anomaly,Unhealthy / Anomaly,0,7
SAT-1,1440,1502.782,22.709,19.332,2.721,30.926,1,Minor_Unusual,Healthy / Normal,1,0
SAT-1,1678,1662.557,22.518,8.335,2.504,39.339,1,Minor_Unusual,Healthy / Normal,1,0
SAT-1,1845,1174.228,24.138,-20.083,3.272,48.221,1,Minor_Unusual,Healthy / Normal,1,0
SAT-1,1088,873.267,28.539,1.131,1.439,78.385,1,Healthy,Healthy / Normal,1,0
SAT-1,1835,732.633,20.678,-31.093,4.579,17.128,0,Unhealthy_Anomaly,Critical,0,9
SAT-1,956,1080.74,24.009,22.443,2.504,45.406,1,Minor_Unusual,Healthy / Normal,1,0
SAT-1,2508,944.094,25.76,11.496,2.147,78.428,1,Healthy,Healthy / Normal,1,0
SAT-1,2322,1355.867,22.823,27.964,3.747,31.443,0,Warning,Minor Unusual Behavior,1,2
SAT-1,705,1632.751,28.283,-14.038,2.089,88.356,1,Healthy,Healthy / Normal,1,0
SAT-1,1020,1678.243,27.645,-18.56,1.702,66.655,1,Healthy,Healthy / Normal,1,0
SAT-1,273,851.938,22.69,2.369,2.579,38.933,0,Minor_Unusual,Minor Unusual Behavior,1,2
SAT-1,2207,1282.438,24.411,17.42,2.377,35.937,1,Minor_Unusual,Healthy / Normal,1,0
SAT-1,2034,1604.066,24.736,16.088,0.815,85.186,1,Healthy,Healthy / Normal,1,0
SAT-1,1775,905.733,23.547,5.008,2.653,30.794,0,Minor_Unusual,Minor Unusual Behavior,1,2
SAT-1,1065,1319.121,26.35,18.575,2.382,91.774,1,Healthy,Healthy / Normal,1,0
SAT-1,1833,1588.81,26.977,-3.849,0.512,49.001,1,Healthy,Healthy / Normal,1,0
SAT-1,2296,968.845,24.276,-0.527,0.841,83.348,1,Healthy,Healthy / Normal,1,0
SAT-1,2092,1500.485,24.832,13.213,1.192,80.809,1,Healthy,Healthy / Normal,1,0
SAT-1,580,1003.663,20.908,-47.568,4.437,10.859,0,Critical,Critical,0,9
SAT-1,775,1193.755,24.285,20.392,2.618,47.395,1,Minor_Unusual,Healthy / Normal,1,0
SAT-1,2540,1102.872,23.642,19.313,2.331,32.916,1,Minor_Unusual,Healthy / Normal,1,0
SAT-1,590,787.979,21.5,11.363,3.331,28.852,1,Warning,Minor Unusual Behavior,1,2
SAT-1,677,1017.625,24.004,-13.008,0.685,49.254,1,Healthy,Healthy / Normal,1,0
SAT-1,2346,1160.886,26.49,-9.347,1.989,52.411,1,Healthy,Healthy / Normal,1,0
SAT-1,808,1670.887,22.955,-29.717,2.534,32.17,1,Minor_Unusual,Minor Unusual Behavior,1,2
SAT-1,560,1339.116,25.455,9.704,1.791,51.65,0,Healthy,Minor Unusual Behavior,1,2
SAT-1,1757,1869.795,28.157,7.117,0.274,74.017,1,Healthy,Healthy / Normal,1,0
SAT-1,680,1009.119,28.367,10.272,1.566,65.528,1,Healthy,Healthy / Normal,1,0
SAT-1,1999,1624.762,27.274,-15.995,0.911,51.142,0,Healthy,Minor Unusual Behavior,1,2
SAT-1,1210,1561.778,28.348,15.516,0.442,73.336,1,Healthy,Healthy / Normal,1,0
SAT-1,470,831.007,21.855,-39.674,3.829,14.953,0,Unhealthy_Anomaly,Unhealthy / Anomaly,0,7
SAT-1,2216,1223.957,28.22,5.497,1.407,75.42,1,Healthy,Healthy / Normal,1,0
SAT-1,732,1374.051,22.416,-2.221,3.168,30.179,0,Warning,Warning Condition,0,4
SAT-1,838,1566.312,24.459,-21.268,3.156,39.153,1,Minor_Unusual,Healthy / Normal,1,0
SAT-1,255,916.669,28.904,13.773,2.359,90.389,1,Healthy,Healthy / Normal,1,0
SAT-1,1517,1576.687,25.568,11.145,0.764,66.474,1,Healthy,Healthy / Normal,1,0
SAT-1,880,1610.483,25.728,8.207,1.725,78.531,1,Healthy,Healthy / Normal,1,0
SAT-1,263,1480.354,24.336,-13.484,2.082,43.552,1,Minor_Unusual,Healthy / Normal,1,0
SAT-1,2082,966.175,24.344,-10.105,1.505,50.94,1,Healthy,Healthy / Normal,1,0
SAT-1,1982,915.431,27.003,8.256,0.798,78.539,1,Healthy,Healthy / Normal,1,0
SAT-1,2433,1630.166,20.842,45.309,4.492,10.208,0,Critical,Critical,0,9
SAT-1,791,1342.49,25.892,6.711,0.721,74.848,1,Healthy,Healthy / Normal,1,0
SAT-1,1268,932.237,27.003,17.55,0.41,85.713,1,Healthy,Healthy / Normal,1,0
SAT-1,604,1447.067,22.76,10.477,2.448,37.339,1,Minor_Unusual,Healthy / Normal,1,0
SAT-1,1218,1285.254,25.636,-1.159,1.103,64.569,1,Healthy,Healthy / Normal,1,0
SAT-1,225,1747.002,27.036,-5.513,2.134,91.034,1,Healthy,Healthy / Normal,1,0
SAT-1,1006,982.561,24.222,2.839,0.866,59.925,1,Healthy,Healthy / Normal,1,0
SAT-1,1699,1146.584,23.607,22.634,2.835,38.089,1,Minor_Unusual,Healthy / Normal,1,0
SAT-1,1983,1391.489,27.576,5.133,2.039,63.259,1,Healthy,Healthy / Normal,1,0
SAT-1,426,1368.747,27.742,-15.711,1.26,75.673,1,Healthy,Healthy / Normal,1,0
SAT-1,1800,947.804,20.326,47.143,4.731,13.608,0,Critical,Critical,0,9
SAT-1,2389,1649.614,23.034,-5.418,2.536,48.634,1,Minor_Unusual,Healthy / Normal,1,0
SAT-1,341,1017.819,23.604,21.768,2.423,31.334,1,Minor_Unusual,Healthy / Normal,1,0
SAT-1,770,751.854,26.683,-11.238,0.62,80.311,1,Healthy,Healthy / Normal,1,0
SAT-1,2424,770.927,25.92,19.635,0.694,60.837,1,Healthy,Healthy / Normal,1,0
SAT-1,1810,757.002,21.288,28.209,4.502,13.608,1,Unhealthy_Anomaly,Warning Condition,0,5
SAT-1,2262,896.004,21.878,23.119,4.105,18.732,0,Unhealthy_Anomaly,Unhealthy / Anomaly,0,7
SAT-1,2113,917.838,20.382,48.378,4.484,12.617,0,Critical,Critical,0,9
SAT-1,1074,1220.259,24.19,2.301,2.795,31.876,1,Minor_Unusual,Healthy / Normal,1,0
SAT-1,1388,1119.647,24.403,1.765,2.528,30.673,1,Minor_Unusual,Healthy / Normal,1,0
SAT-1,538,753.632,25.378,-15.483,0.451,78.978,1,Healthy,Healthy / Normal,1,0
SAT-1,1279,1412.003,21.561,-7.272,3.106,22.4,1,Warning,Minor Unusual Behavior,1,3
SAT-1,558,1305.649,24.075,-4.931,3.091,36.727,1,Minor_Unusual,Healthy / Normal,1,0
SAT-1,1965,1459.607,27.656,-6.638,0.892,46.738,1,Healthy,Healthy / Normal,1,0
SAT-1,2322,900.694,27.671,1.349,2.387,63.308,1,Healthy,Healthy / Normal,1,0
SAT-1,2191,1164.765,25.873,19.385,2.349,66.795,1,Healthy,Healthy / Normal,1,0
SAT-1,1856,1040.473,22.542,-19.225,3.249,47.097,1,Minor_Unusual,Healthy / Normal,1,0
SAT-1,1024,1792.74,22.462,36.543,3.611,23.447,0,Warning,Unhealthy / Anomaly,0,7
SAT-1,2443,1194.395,24.009,10.547,1.265,60.101,1,Healthy,Healthy / Normal,1,0
SAT-1,2143,1065.848,21.994,-2.44,4.573,17.864,0,Unhealthy_Anomaly,Unhealthy / Anomaly,0,7
SAT-1,392,1886.98,22.761,13.9,3.343,26.704,1,Warning,Healthy / Normal,1,1
SAT-1,1855,1008.116,21.664,-0.044,3.757,29.191,0,Warning,Warning Condition,0,4
SAT-1,1704,1107.378,26.547,-8.134,1.799,58.349,1,Healthy,Healthy / Normal,1,0
SAT-1,2314,837.25,25.247,14.597,2.1,92.064,1,Healthy,Healthy / Normal,1,0
SAT-1,2198,1518.532,21.989,18.594,3.124,27.916,0,Warning,Warning Condition,0,5
SAT-1,2021,856.232,21.346,32.752,3.904,21.079,0,Unhealthy_Anomaly,Unhealthy / Anomaly,0,7
SAT-1,1327,1784.972,27.149,13.605,2.193,61.749,1,Healthy,Healthy / Normal,1,0
SAT-1,2337,1676.011,26.449,-1.331,2.423,62.901,1,Healthy,Healthy / Normal,1,0
SAT-1,538,1000.193,24.512,19.807,0.239,69.811,1,Healthy,Healthy / Normal,1,0
SAT-1,2549,1598.278,22.937,-4.614,3.658,28.922,1,Warning,Healthy / Normal,1,0
SAT-1,2193,1684.983,22.662,2.296,3.147,28.956,0,Warning,Minor Unusual Behavior,1,2
SAT-1,2551,836.279,24.484,-5.971,0.97,61.105,1,Healthy,Healthy / Normal,1,0
SAT-1,794,1048.71,28.251,-18.532,2.445,74.543,1,Healthy,Healthy / Normal,1,0
SAT-1,1744,849.49,24.41,-11.816,2.087,35.264,1,Minor_Unusual,Healthy / Normal,1,0
SAT-1,396,1420.114,26.271,17.355,1.04,77.195,1,Healthy,Healthy / Normal,1,0
SAT-1,775,1157.631,21.19,35.56,3.997,18.985,0,Unhealthy_Anomaly,Critical,0,9
SAT-1,1423,1250.66,23.675,20.09,3.208,38.12,0,Minor_Unusual,Minor Unusual Behavior,1,2
SAT-1,2328,1234.787,27.774,-10.278,1.599,94.278,1,Healthy,Healthy / Normal,1,0
SAT-1,714,1182.821,24.925,-19.823,0.651,53.606,0,Healthy,Minor Unusual Behavior,1,2
SAT-1,750,1051.958,27.223,11.016,1.471,70.862,1,Healthy,Healthy / Normal,1,0
SAT-1,2456,1058.099,22.394,12.511,3.242,21.839,0,Warning,Warning Condition,0,5
SAT-1,1418,1626.153,20.76,45.521,4.9,11.225,0,Critical,Critical,0,9
SAT-1,615,1079.764,22.684,2.12,2.362,47.241,0,Minor_Unusual,Minor Unusual Behavior,1,2
SAT-1,2425,1270.964,26.588,2.917,1.755,47.278,1,Healthy,Healthy / Normal,1,0
SAT-1,2465,1404.017,21.655,13.575,3.436,29.658,0,Warning,Warning Condition,0,4
SAT-1,1582,961.14,28.528,-7.409,1.079,73.123,1,Healthy,Healthy / Normal,1,0
SAT-1,1796,1743.129,28.034,-14.01,2.232,65.561,1,Healthy,Healthy / Normal,1,0
SAT-1,492,1097.012,26.346,10.195,0.926,55.003,1,Healthy,Healthy / Normal,1,0
SAT-1,2432,1835.292,28.032,5.535,0.867,91.055,1,Healthy,Healthy / Normal,1,0
SAT-1,1777,1792.868,22.079,34.938,3.769,23.521,1,Warning,Warning Condition,0,5
SAT-1,550,1047.923,27.358,-3.421,2.023,68.033,1,Healthy,Healthy / Normal,1,0
SAT-1,2218,1653.78,21.824,25.161,3.908,20.962,1,Warning,Minor Unusual Behavior,1,3
SAT-1,645,1674.136,25.297,6.938,1.428,89.526,1,Healthy,Healthy / Normal,1,0
SAT-1,911,1888.537,22.001,-31.957,3.747,21.788,0,Warning,Unhealthy / Anomaly,0,7
SAT-1,1161,898.323,22.968,35.136,3.122,29.953,1,Warning,Minor Unusual Behavior,1,2
SAT-1,1190,1321.364,26.729,-16.539,1.289,90.249,1,Healthy,Healthy / Normal,1,0
SAT-1,1656,1596.964,27.829,-17.836,0.947,66.306,1,Healthy,Healthy / Normal,1,0
SAT-1,620,1709.529,25.402,19.132,2.039,76.323,1,Healthy,Healthy / Normal,1,0
SAT-1,2099,1362.088,25.37,6.587,2.418,76.709,1,Healthy,Healthy / Normal,1,0
SAT-1,1340,1866.222,23.389,-15.097,2.842,47.349,1,Minor_Unusual,Healthy / Normal,1,0
SAT-1,1142,1546.635,23.27,9.744,3.22,49.572,1,Minor_Unusual,Healthy / Normal,1,0
SAT-1,2446,1804.226,24.13,29.26,2.02,37.334,1,Minor_Unusual,Healthy / Normal,1,0
SAT-1,394,1107.591,28.94,-19.132,0.764,87.005,1,Healthy,Healthy / Normal,1,0
SAT-1,1970,1836.358,20.029,-46.141,4.934,11.974,0,Critical,Critical,0,9
SAT-1,519,1106.738,25.516,11.289,0.741,74.264,1,Healthy,Healthy / Normal,1,0
SAT-1,1738,1510.801,23.382,2.127,2.093,34.597,1,Minor_Unusual,Healthy / Normal,1,0
SAT-1,777,1540.777,24.246,1.88,2.225,49.976,1,Minor_Unusual,Healthy / Normal,1,0
SAT-1,2128,1747.326,20.172,-49.591,4.981,10.134,0,Critical,Critical,0,9
SAT-1,1795,1576.532,20.353,-46.337,4.968,10.858,0,Critical,Critical,0,9
SAT-1,1779,1509.301,24.383,3.447,3.191,33.864,1,Minor_Unusual,Healthy / Normal,1,0
SAT-1,605,1106.473,24.893,15.534,0.849,83.886,1,Healthy,Healthy / Normal,1,0
SAT-1,1449,1608.942,27.988,13.56,0.515,45.444,1,Healthy,Healthy / Normal,1,0
SAT-1,711,874.455,27.58,18.202,0.236,70.663,1,Healthy,Healthy / Normal,1,0
SAT-1,706,1276.868,23.465,-11.099,3.281,42.83,1,Minor_Unusual,Healthy / Normal,1,0
SAT-1,201,1375.93,21.509,-39.042,4.223,12.662,0,Unhealthy_Anomaly,Critical,0,9
SAT-1,1870,1461.293,23.818,-15.461,2.752,36.016,1,Minor_Unusual,Healthy / Normal,1,0
SAT-1,2493,984.085,21.815,-14.431,3.802,20.676,0,Unhealthy_Anomaly,Warning Condition,0,5
SAT-1,1248,1603.566,24.082,-18.504,1.596,83.737,1,Healthy,Healthy / Normal,1,0
SAT-1,390,1510.992,27.436,-6.273,1.377,84.144,1,Healthy,Healthy / Normal,1,0
SAT-1,2573,1695.789,20.796,-47.552,4.858,13.846,0,Critical,Critical,0,9
SAT-1,2514,1891.357,21.238,0.561,3.964,19.994,1,Unhealthy_Anomaly,Minor Unusual Behavior,1,3
SAT-1,1477,1515.465,23.912,-11.607,2.837,36.525,1,Minor_Unusual,Healthy / Normal,1,0
SAT-1,955,1026.802,24.301,-4.972,3.184,37.724,1,Minor_Unusual,Healthy / Normal,1,0
SAT-1,1160,1017.241,28.625,4.376,0.299,91.522,1,Healthy,Healthy / Normal,1,0
SAT-1,963,1129.279,24.296,-11.74,0.789,61.358,1,Healthy,Healthy / Normal,1,0
SAT-1,947,1728.823,25.093,-9.04,2.381,48.9,1,Healthy,Healthy / Normal,1,0
SAT-1,1948,1751.985,20.475,-45.875,4.401,10.944,0,Critical,Critical,0,9
SAT-1,2560,1595.563,24.478,26.248,2.203,43.416,1,Minor_Unusual,Healthy / Normal,1,0
SAT-1,1234,749.787,22.96,11.337,3.172,27.345,1,Warning,Healthy / Normal,1,1
SAT-1,914,1523.058,25.499,-19.273,0.827,86.109,1,Healthy,Healthy / Normal,1,0
SAT-1,760,1738.701,21.645,-25.911,3.648,20.281,0,Warning,Warning Condition,0,5
SAT-1,1642,1034.237,23.51,20.259,3.235,46.932,1,Minor_Unusual,Healthy / Normal,1,0
SAT-1,1810,1117.415,20.243,46.726,4.594,15.904,0,Critical,Critical,0,9
SAT-1,1268,1303.214,25.376,-0.201,1.665,51.286,1,Healthy,Healthy / Normal,1,0
SAT-1,1177,1502.756,23.341,17.884,3.19,37.845,1,Minor_Unusual,Healthy / Normal,1,0
SAT-1,2378,1535.379,26.041,12.727,1.641,63.146,1,Healthy,Healthy / Normal,1,0
SAT-1,680,1746.218,22.82,10.218,3.789,21.651,1,Warning,Healthy / Normal,1,1
SAT-1,2391,1804.233,24.701,-16.426,0.872,47.649,1,Healthy,Healthy / Normal,1,0
SAT-1,1379,778.379,22.811,37.716,3.966,21.287,1,Warning,Minor Unusual Behavior,1,3
SAT-1,2286,1266.919,22.76,13.993,3.523,21.355,0,Warning,Minor Unusual Behavior,1,3
SAT-1,2379,1069.129,24.67,-15.013,1.216,82.55,0,Healthy,Minor Unusual Behavior,1,2
SAT-1,519,1366.9,28.404,7.359,1.777,56.962,1,Healthy,Healthy / Normal,1,0
SAT-1,2490,1153.474,25.924,-17.577,0.808,82.496,1,Healthy,Healthy / Normal,1,0
SAT-1,978,1304.978,20.821,0.812,3.784,13.234,0,Unhealthy_Anomaly,Warning Condition,0,5
SAT-1,1964,1882.802,24.338,13.333,1.21,84.737,1,Healthy,Healthy / Normal,1,0
SAT-1,2235,1709.576,21.883,15.084,4.595,12.866,0,Unhealthy_Anomaly,Unhealthy / Anomaly,0,7
SAT-1,2451,1463.982,26.413,-15.349,0.385,62.753,1,Healthy,Healthy / Normal,1,0
SAT-1,296,1829.805,28.392,-1.376,1.75,55.018,1,Healthy,Healthy / Normal,1,0
SAT-1,1837,1189.701,22.463,-14.341,3.061,30.145,1,Warning,Minor Unusual Behavior,1,2
SAT-1,1763,1513.382,24.779,0.549,1.933,71.513,1,Healthy,Healthy / Normal,1,0
SAT-1,442,865.054,22.612,11.407,2.179,31.333,1,Minor_Unusual,Healthy / Normal,1,0
SAT-1,2502,956.981,23.528,12.293,2.749,31.208,1,Minor_Unusual,Healthy / Normal,1,0
SAT-1,2084,1615.661,20.761,-3.161,3.889,15.106,0,Unhealthy_Anomaly,Warning Condition,0,5
SAT-1,2408,846.429,23.705,25.622,2.617,46.377,0,Minor_Unusual,Minor Unusual Behavior,1,2
SAT-1,390,937.12,20.074,49.692,4.695,11.582,0,Critical,Critical,0,9
SAT-1,2592,1714.409,23.44,-11.64,3.248,43.602,0,Minor_Unusual,Minor Unusual Behavior,1,2
SAT-1,1742,949.89,27.781,-9.548,2.193,51.708,1,Healthy,Healthy / Normal,1,0
SAT-1,371,870.01,21.307,-18.713,3.847,12.29,1,Unhealthy_Anomaly,Minor Unusual Behavior,1,3
SAT-1,1729,1845.605,26.665,0.947,1.206,68.512,1,Healthy,Healthy / Normal,1,0
SAT-1,1461,950.387,23.319,5.999,2.394,46.351,1,Minor_Unusual,Healthy / Normal,1,0
SAT-1,1753,1216.547,25.734,-2.184,1.476,56.253,1,Healthy,Healthy / Normal,1,0
SAT-1,1150,1520.863,25.617,18.762,1.071,55.463,1,Healthy,Healthy / Normal,1,0
SAT-1,1270,1523.873,26.573,-16.37,1.291,84.842,1,Healthy,Healthy / Normal,1,0
SAT-1,1657,1444.964,23.627,-18.556,3.173,49.046,1,Minor_Unusual,Healthy / Normal,1,0
SAT-1,812,1098.269,26.615,-2.184,0.264,71.886,1,Healthy,Healthy / Normal,1,0
SAT-1,2269,1544.149,27.246,14.0,1.494,74.168,1,Healthy,Healthy / Normal,1,0
SAT-1,694,954.546,24.194,-1.97,3.019,30.353,1,Minor_Unusual,Healthy / Normal,1,0
SAT-1,2295,1799.148,28.456,-18.078,2.07,89.351,1,Healthy,Healthy / Normal,1,0
SAT-1,1073,838.192,28.708,-15.749,0.92,45.647,1,Healthy,Healthy / Normal,1,0
SAT-1,787,1838.133,21.857,29.015,3.46,26.972,1,Warning,Minor Unusual Behavior,1,3
SAT-1,1471,919.317,25.932,-3.724,0.628,51.801,1,Healthy,Healthy / Normal,1,0
SAT-1,1076,831.197,24.763,-5.745,1.899,78.222,1,Healthy,Healthy / Normal,1,0
SAT-1,1942,1713.45,25.658,-2.59,1.583,66.761,1,Healthy,Healthy / Normal,1,0
SAT-1,1432,1854.866,24.066,-19.982,0.565,94.148,1,Healthy,Healthy / Normal,1,0
SAT-1,572,1232.534,28.375,11.706,0.406,94.165,1,Healthy,Healthy / Normal,1,0
SAT-1,2544,1725.295,20.22,-44.844,4.457,10.632,1,Critical,Unhealthy / Anomaly,0,7
SAT-1,1511,1616.086,24.263,-0.223,2.729,42.341,1,Minor_Unusual,Healthy / Normal,1,0
SAT-1,2533,1282.959,28.6,15.705,0.278,65.099,1,Healthy,Healthy / Normal,1,0
SAT-1,1081,1167.916,21.451,-29.141,4.114,21.605,0,Unhealthy_Anomaly,Unhealthy / Anomaly,0,7
SAT-1,348,802.828,24.575,-4.114,2.227,53.894,1,Healthy,Healthy / Normal,1,0
SAT-1,1488,1218.257,27.145,17.334,1.491,64.78,1,Healthy,Healthy / Normal,1,0
SAT-1,1913,787.489,24.639,17.324,1.299,48.994,1,Healthy,Healthy / Normal,1,0
SAT-1,1006,1554.753,24.276,7.433,1.928,88.695,1,Healthy,Healthy / Normal,1,0
SAT-1,285,1887.701,27.54,-16.073,0.867,69.011,1,Healthy,Healthy / Normal,1,0
SAT-1,1523,1731.606,23.358,-8.287,2.088,33.979,1,Minor_Unusual,Healthy / Normal,1,0
SAT-1,535,1159.834,22.746,23.608,3.749,22.4,1,Warning,Healthy / Normal,1,1
SAT-1,882,828.43,28.056,16.512,2.182,55.821,1,Healthy,Healthy / Normal,1,0
SAT-1,531,1057.566,21.36,1.165,4.374,13.297,0,Unhealthy_Anomaly,Unhealthy / Anomaly,0,7
SAT-1,1523,1826.412,22.58,13.94,3.036,23.765,1,Warning,Healthy / Normal,1,1
SAT-1,2583,1836.954,20.362,47.158,4.812,10.474,0,Critical,Critical,0,9
SAT-1,1445,1282.711,22.377,-35.887,3.645,23.64,1,Warning,Warning Condition,0,5
SAT-1,720,1811.549,24.343,-6.052,3.218,38.469,1,Minor_Unusual,Healthy / Normal,1,0
SAT-1,570,1379.623,27.096,-6.777,0.704,46.834,1,Healthy,Healthy / Normal,1,0
SAT-1,2389,1017.945,28.157,11.713,1.591,50.62,1,Healthy,Healthy / Normal,1,0
SAT-1,2570,724.392,28.359,13.907,1.034,46.492,1,Healthy,Healthy / Normal,1,0
SAT-1,639,1657.99,27.264,3.631,0.685,79.394,1,Healthy,Healthy / Normal,1,0
SAT-1,2505,1096.841,22.935,-30.395,2.529,46.748,1,Minor_Unusual,Minor Unusual Behavior,1,2
SAT-1,1641,1059.804,24.668,-6.056,0.534,47.283,1,Healthy,Healthy / Normal,1,0
SAT-1,453,1270.991,22.728,1.065,2.822,47.587,0,Minor_Unusual,Minor Unusual Behavior,1,2
SAT-1,1054,1839.308,28.439,-8.527,0.328,61.105,1,Healthy,Healthy / Normal,1,0
SAT-1,1426,748.186,26.735,-5.024,0.44,71.559,1,Healthy,Healthy / Normal,1,0
SAT-1,2417,729.258,26.046,1.224,0.358,88.015,1,Healthy,Healthy / Normal,1,0
SAT-1,495,814.051,22.822,5.431,3.388,23.028,1,Warning,Healthy / Normal,1,1
SAT-1,1966,1547.736,21.807,0.42,3.127,29.353,1,Warning,Minor Unusual Behavior,1,2
SAT-1,657,882.293,24.369,-17.58,1.521,85.857,1,Healthy,Healthy / Normal,1,0
SAT-1,1009,1706.708,24.323,-2.473,1.746,71.814,1,Healthy,Healthy / Normal,1,0
SAT-1,378,1775.095,23.719,-22.002,2.217,45.396,1,Minor_Unusual,Healthy / Normal,1,0
SAT-1,1255,1248.979,28.583,5.238,0.29,83.219,1,Healthy,Healthy / Normal,1,0
SAT-1,1932,839.896,24.161,-8.506,2.107,34.537,1,Minor_Unusual,Healthy / Normal,1,0
SAT-1,2484,1850.429,27.913,2.138,1.031,46.461,1,Healthy,Healthy / Normal,1,0
SAT-1,1487,904.974,21.903,24.56,3.886,31.884,1,Warning,Minor Unusual Behavior,1,2
SAT-1,1945,1331.133,24.28,14.119,2.564,36.061,1,Minor_Unusual,Healthy / Normal,1,0
SAT-1,1626,997.987,27.942,-19.721,2.031,56.591,1,Healthy,Healthy / Normal,1,0
SAT-1,1767,1622.03,27.933,5.007,1.884,70.364,1,Healthy,Healthy / Normal,1,0
SAT-1,467,1599.61,28.138,14.426,1.351,90.577,1,Healthy,Healthy / Normal,1,0
SAT-1,686,904.212,27.842,17.649,1.85,84.73,1,Healthy,Healthy / Normal,1,0
SAT-1,2392,1496.109,22.915,-13.831,3.009,28.423,1,Warning,Healthy / Normal,1,0
SAT-1,1256,1633.035,22.744,-32.303,3.416,27.852,1,Warning,Minor Unusual Behavior,1,3
SAT-1,2293,1176.524,23.917,-9.829,2.106,47.48,1,Minor_Unusual,Healthy / Normal,1,0
SAT-1,792,1830.612,27.642,10.7,0.919,55.482,1,Healthy,Healthy / Normal,1,0
SAT-1,2190,939.5,23.283,17.401,2.783,42.72,1,Minor_Unusual,Healthy / Normal,1,0
SAT-1,1582,1266.038,22.195,3.019,3.481,26.906,0,Warning,Warning Condition,0,5
SAT-1,589,839.616,22.877,6.088,2.202,32.993,1,Minor_Unusual,Healthy / Normal,1,0
SAT-1,2165,1339.188,28.363,11.656,0.647,93.409,1,Healthy,Healthy / Normal,1,0
SAT-1,1166,804.092,28.841,17.629,2.458,50.95,0,Healthy,Minor Unusual Behavior,1,2
SAT-1,844,1437.182,28.324,-18.347,1.561,57.401,1,Healthy,Healthy / Normal,1,0
SAT-1,2481,813.964,22.512,-16.213,3.861,24.49,1,Warning,Healthy / Normal,1,1
SAT-1,588,1116.266,25.001,18.222,2.077,77.393,1,Healthy,Healthy / Normal,1,0
SAT-1,638,1382.969,24.402,5.151,2.916,36.666,1,Minor_Unusual,Healthy / Normal,1,0
SAT-1,1801,1572.756,22.72,-7.163,2.103,39.56,1,Minor_Unusual,Healthy / Normal,1,0
SAT-1,633,1850.355,25.681,-18.981,1.001,76.73,1,Healthy,Healthy / Normal,1,0
SAT-1,940,1814.84,23.502,-4.273,3.214,38.533,1,Minor_Unusual,Healthy / Normal,1,0
SAT-1,1523,1194.904,26.699,5.072,0.581,54.406,1,Healthy,Healthy / Normal,1,0
SAT-1,1894,1863.721,23.371,29.646,2.187,39.597,1,Minor_Unusual,Healthy / Normal,1,0
SAT-1,834,1209.139,20.501,-23.692,4.48,20.982,0,Unhealthy_Anomaly,Unhealthy / Anomaly,0,7
SAT-1,1334,960.072,28.562,11.118,2.311,65.964,1,Healthy,Healthy / Normal,1,0
SAT-1,939,1727.254,20.699,-47.045,4.714,13.521,0,Critical,Critical,0,9
SAT-1,2551,1141.409,24.391,-9.632,3.032,31.473,1,Minor_Unusual,Healthy / Normal,1,0
SAT-1,2232,1042.344,22.974,24.188,3.056,35.35,0,Minor_Unusual,Minor Unusual Behavior,1,2
SAT-1,723,829.214,22.61,5.037,3.631,29.623,1,Warning,Healthy / Normal,1,0
SAT-1,590,1108.011,22.514,20.507,2.716,41.089,1,Minor_Unusual,Healthy / Normal,1,0
SAT-1,552,1526.325,28.62,-1.442,1.463,75.892,1,Healthy,Healthy / Normal,1,0
SAT-1,1143,1692.031,24.055,8.894,2.964,34.576,1,Minor_Unusual,Healthy / Normal,1,0
SAT-1,2520,1016.506,26.566,16.313,1.846,63.467,1,Healthy,Healthy / Normal,1,0
SAT-1,1040,1146.133,21.119,5.362,3.797,21.441,0,Unhealthy_Anomaly,Warning Condition,0,5
SAT-1,2363,1348.806,24.686,-14.157,0.68,54.903,1,Healthy,Healthy / Normal,1,0
SAT-1,1412,845.886,21.036,-11.294,3.752,15.093,0,Unhealthy_Anomaly,Warning Condition,0,5
SAT-1,1993,1722.668,24.384,-31.7,2.211,32.534,1,Minor_Unusual,Minor Unusual Behavior,1,2
SAT-1,2281,705.459,21.85,21.621,3.459,23.428,0,Warning,Warning Condition,0,5
SAT-1,315,837.958,22.725,20.643,2.755,39.048,1,Minor_Unusual,Healthy / Normal,1,0
SAT-1,1288,1214.335,25.7,-1.248,0.404,90.298,1,Healthy,Healthy / Normal,1,0
SAT-1,2337,1888.918,20.333,48.624,4.947,12.176,0,Critical,Critical,0,9
SAT-1,1597,1051.747,23.26,-18.311,2.362,36.229,1,Minor_Unusual,Healthy / Normal,1,0
SAT-1,537,1166.634,24.344,-17.942,2.597,42.176,1,Minor_Unusual,Healthy / Normal,1,0
SAT-1,2434,1355.847,21.739,10.059,4.288,19.544,1,Unhealthy_Anomaly,Warning Condition,0,5
SAT-1,938,915.394,24.175,3.903,3.08,46.765,1,Minor_Unusual,Healthy / Normal,1,0
SAT-1,1552,1253.531,27.149,-8.409,2.44,66.339,1,Healthy,Healthy / Normal,1,0
SAT-1,2176,1370.006,27.861,4.648,1.483,67.551,1,Healthy,Healthy / Normal,1,0
SAT-1,468,1619.986,24.186,19.475,0.345,94.358,1,Healthy,Healthy / Normal,1,0
SAT-1,1760,1812.771,22.417,34.693,3.247,24.246,0,Warning,Unhealthy / Anomaly,0,7
SAT-1,659,1360.595,25.836,-3.617,1.338,49.619,1,Healthy,Healthy / Normal,1,0
SAT-1,251,1753.435,22.504,-3.633,2.45,42.333,1,Minor_Unusual,Healthy / Normal,1,0
SAT-1,1311,1197.076,23.032,-4.612,2.446,30.979,1,Minor_Unusual,Healthy / Normal,1,0
SAT-1,337,1791.92,24.525,-4.578,0.51,66.395,1,Healthy,Healthy / Normal,1,0
SAT-1,859,1807.189,27.637,13.59,1.19,83.144,1,Healthy,Healthy / Normal,1,0
SAT-1,1498,1441.081,27.118,4.859,2.394,67.968,1,Healthy,Healthy / Normal,1,0
SAT-1,2564,1620.906,22.726,-1.408,3.3,21.88,0,Warning,Minor Unusual Behavior,1,3
SAT-1,1487,878.486,26.973,18.174,2.367,87.509,1,Healthy,Healthy / Normal,1,0
SAT-1,914,752.911,28.913,-14.491,1.093,72.071,1,Healthy,Healthy / Normal,1,0
SAT-1,283,830.555,25.832,-0.984,0.872,65.852,1,Healthy,Healthy / Normal,1,0
SAT-1,1675,1445.006,28.567,-8.044,0.891,59.281,1,Healthy,Healthy / Normal,1,0
SAT-1,517,1593.061,22.602,-1.289,3.283,23.748,0,Warning,Minor Unusual Behavior,1,3
SAT-1,1856,1679.773,21.806,-3.451,4.18,16.571,0,Unhealthy_Anomaly,Unhealthy / Anomaly,0,7
SAT-1,1993,1130.171,25.042,-18.438,1.489,93.911,1,Healthy,Healthy / Normal,1,0
SAT-1,1936,1803.423,24.133,12.748,2.218,69.866,1,Healthy,Healthy / Normal,1,0
SAT-1,1859,1056.686,23.401,0.049,2.174,42.25,1,Minor_Unusual,Healthy / Normal,1,0
SAT-1,2010,815.582,24.188,-0.934,1.446,72.554,1,Healthy,Healthy / Normal,1,0
SAT-1,1908,901.534,20.642,49.401,4.451,13.278,0,Critical,Critical,0,9
SAT-1,2434,1610.664,28.637,19.556,2.398,58.05,1,Healthy,Healthy / Normal,1,0
SAT-1,731,1755.09,24.42,-11.637,0.663,50.866,1,Healthy,Healthy / Normal,1,0
SAT-1,2264,1820.885,22.17,34.004,3.314,21.331,0,Warning,Unhealthy / Anomaly,0,7
SAT-1,1578,1893.981,23.311,3.073,3.253,35.425,1,Minor_Unusual,Healthy / Normal,1,0
SAT-1,620,1877.813,20.904,-38.897,4.196,14.089,0,Unhealthy_Anomaly,Critical,0,9
SAT-1,2400,1537.591,28.606,18.9,1.304,85.388,1,Healthy,Healthy / Normal,1,0
SAT-1,1212,952.606,25.722,16.63,2.317,78.185,1,Healthy,Healthy / Normal,1,0
SAT-1,854,704.44,25.478,2.212,2.068,92.478,1,Healthy,Healthy / Normal,1,0
SAT-1,1164,1498.11,21.428,37.269,4.533,12.532,0,Unhealthy_Anomaly,Critical,0,9
SAT-1,417,1038.361,28.882,-2.397,2.456,63.232,1,Healthy,Healthy / Normal,1,0
SAT-1,891,1527.601,27.45,-4.031,0.445,84.137,1,Healthy,Healthy / Normal,1,0
SAT-1,2590,1877.099,25.475,-6.036,2.325,84.902,1,Healthy,Healthy / Normal,1,0
SAT-1,562,1003.249,25.369,-9.488,1.739,65.779,1,Healthy,Healthy / Normal,1,0
SAT-1,1976,705.428,25.06,-5.096,0.461,86.08,1,Healthy,Healthy / Normal,1,0
SAT-1,1751,1481.026,22.49,-5.804,3.874,27.202,1,Warning,Healthy / Normal,1,1
SAT-1,2142,1108.732,28.596,-6.495,1.471,73.58,1,Healthy,Healthy / Normal,1,0
SAT-1,1005,1461.115,21.501,-25.074,3.762,29.147,1,Warning,Minor Unusual Behavior,1,2
SAT-1,1529,757.549,22.576,-19.118,2.703,37.743,0,Minor_Unusual,Minor Unusual Behavior,1,2
SAT-1,860,1661.766,24.919,-11.859,0.978,52.902,1,Healthy,Healthy / Normal,1,0
SAT-1,2422,1270.644,26.861,-6.527,0.845,53.825,1,Healthy,Healthy / Normal,1,0
SAT-1,2357,1811.705,24.909,-14.559,0.859,76.333,1,Healthy,Healthy / Normal,1,0
SAT-1,2151,1200.591,22.792,-34.689,3.589,25.533,1,Warning,Minor Unusual Behavior,1,3
SAT-1,492,786.936,22.588,-28.158,2.474,32.025,1,Minor_Unusual,Healthy / Normal,1,0
SAT-1,1809,1629.973,22.848,22.82,3.896,24.384,0,Warning,Minor Unusual Behavior,1,3
SAT-1,1034,1777.734,23.981,10.323,2.25,34.849,1,Minor_Unusual,Healthy / Normal,1,0
SAT-1,753,1611.121,24.855,-2.208,2.161,47.319,1,Healthy,Healthy / Normal,1,0
SAT-1,1415,775.821,22.923,-4.007,3.467,30.456,0,Warning,Minor Unusual Behavior,1,2
SAT-1,472,1809.926,21.842,45.874,4.556,21.071,0,Unhealthy_Anomaly,Critical,0,9
SAT-1,1146,1251.683,26.771,8.612,1.079,68.565,1,Healthy,Healthy / Normal,1,0
SAT-1,311,1265.338,27.567,4.609,0.723,56.554,1,Healthy,Healthy / Normal,1,0
SAT-1,928,1390.818,20.85,-49.175,4.626,15.74,0,Critical,Critical,0,9
SAT-1,1292,908.538,24.138,20.252,2.877,40.883,1,Minor_Unusual,Healthy / Normal,1,0
SAT-1,1207,1446.654,25.775,5.82,0.2,83.601,1,Healthy,Healthy / Normal,1,0
SAT-1,1902,831.319,26.479,-1.405,0.964,65.089,1,Healthy,Healthy / Normal,1,0
SAT-1,2048,1868.524,27.786,8.351,1.735,63.868,1,Healthy,Healthy / Normal,1,0
SAT-1,2010,1627.12,21.551,17.023,4.034,14.401,1,Unhealthy_Anomaly,Warning Condition,0,5
SAT-1,2376,971.023,21.929,39.617,3.641,28.271,1,Warning,Warning Condition,0,4
SAT-1,1450,833.898,27.307,10.858,1.334,65.819,1,Healthy,Healthy / Normal,1,0
SAT-1,449,1377.799,23.19,-18.749,3.147,42.627,1,Minor_Unusual,Healthy / Normal,1,0
SAT-1,2515,1243.448,28.09,-17.234,1.502,84.552,1,Healthy,Healthy / Normal,1,0
SAT-1,2111,894.646,26.966,6.365,2.113,65.278,1,Healthy,Healthy / Normal,1,0
SAT-1,236,1509.274,23.698,-29.602,2.216,47.0,1,Minor_Unusual,Healthy / Normal,1,0
SAT-1,1072,1567.153,25.547,7.456,2.252,51.901,1,Healthy,Healthy / Normal,1,0
SAT-1,914,1610.315,23.853,-5.968,2.43,48.043,1,Minor_Unusual,Healthy / Normal,1,0
SAT-1,1043,1167.925,27.917,-2.173,2.309,47.361,1,Healthy,Healthy / Normal,1,0
SAT-1,608,1278.843,28.0,-3.129,1.777,86.261,1,Healthy,Healthy / Normal,1,0
SAT-1,2030,840.702,27.291,-19.965,1.909,89.764,1,Healthy,Healthy / Normal,1,0
SAT-1,2082,1207.679,25.378,-12.825,1.174,55.641,1,Healthy,Healthy / Normal,1,0
SAT-1,1910,1715.935,21.602,-28.554,4.203,12.432,0,Unhealthy_Anomaly,Unhealthy / Anomaly,0,7
SAT-1,216,1294.046,21.825,7.301,3.547,20.831,1,Warning,Minor Unusual Behavior,1,3
SAT-1,1678,1592.169,23.229,16.693,2.012,35.079,1,Minor_Unusual,Healthy / Normal,1,0
SAT-1,2301,758.957,22.452,-9.809,3.178,24.665,1,Warning,Minor Unusual Behavior,1,3
SAT-1,2584,1601.789,28.039,-7.846,0.218,46.887,1,Healthy,Healthy / Normal,1,0
SAT-1,2344,1713.339,28.001,-6.546,1.358,58.742,1,Healthy,Healthy / Normal,1,0
SAT-1,1938,1160.621,22.604,-11.152,2.337,46.408,1,Minor_Unusual,Healthy / Normal,1,0
SAT-1,2107,1866.998,22.994,-25.676,3.718,24.515,1,Warning,Healthy / Normal,1,1
SAT-1,575,1679.348,23.253,-6.276,2.024,35.851,1,Minor_Unusual,Healthy / Normal,1,0
SAT-1,1620,1521.112,26.01,-15.09,1.499,55.416,1,Healthy,Healthy / Normal,1,0
SAT-1,1828,1395.412,27.846,9.642,0.426,69.874,1,Healthy,Healthy / Normal,1,0
SAT-1,775,738.089,20.97,-7.732,4.31,21.683,0,Unhealthy_Anomaly,Unhealthy / Anomaly,0,7
SAT-1,2546,1380.448,24.393,29.28,2.521,31.484,1,Minor_Unusual,Healthy / Normal,1,0
SAT-1,1154,1461.426,20.701,-13.551,3.728,19.739,0,Unhealthy_Anomaly,Warning Condition,0,5
SAT-1,584,865.891,24.329,-3.744,1.576,50.935,1,Healthy,Healthy / Normal,1,0
SAT-1,902,1244.513,22.616,1.06,3.674,26.94,1,Warning,Healthy / Normal,1,1
SAT-1,2274,1717.874,24.058,11.486,1.157,76.376,1,Healthy,Healthy / Normal,1,0
SAT-1,1561,1314.211,26.328,-3.63,1.808,58.006,1,Healthy,Healthy / Normal,1,0
SAT-1,1326,702.734,28.909,3.757,0.202,73.4,1,Healthy,Healthy / Normal,1,0
SAT-1,1174,1727.543,25.924,-15.153,1.843,70.118,1,Healthy,Healthy / Normal,1,0
SAT-1,2416,1713.744,20.892,9.454,4.164,16.054,0,Unhealthy_Anomaly,Unhealthy / Anomaly,0,7
SAT-1,894,930.607,24.748,-14.317,2.318,63.303,1,Healthy,Healthy / Normal,1,0
SAT-1,1924,1101.249,25.827,-19.574,1.223,69.463,1,Healthy,Healthy / Normal,1,0
SAT-1,421,712.822,23.381,-23.641,2.987,37.732,1,Minor_Unusual,Healthy / Normal,1,0
SAT-1,1993,934.843,25.451,4.811,1.873,82.327,1,Healthy,Healthy / Normal,1,0
SAT-1,2591,935.894,23.277,-19.516,2.623,30.134,1,Minor_Unusual,Healthy / Normal,1,0
SAT-1,1540,999.194,23.791,30.275,2.984,41.374,0,Minor_Unusual,Minor Unusual Behavior,1,2
SAT-1,395,918.574,20.381,-44.046,4.918,13.908,1,Critical,Unhealthy / Anomaly,0,7
SAT-1,1237,942.955,24.162,6.562,2.826,45.457,1,Minor_Unusual,Healthy / Normal,1,0
SAT-1,1588,1468.581,24.368,5.513,2.792,44.398,1,Minor_Unusual,Healthy / Normal,1,0
SAT-1,2266,1377.005,20.335,49.976,4.533,14.145,0,Critical,Critical,0,9
SAT-1,1540,1570.368,28.839,6.086,1.532,85.238,1,Healthy,Healthy / Normal,1,0
SAT-1,2340,1489.647,28.97,9.405,2.259,90.558,1,Healthy,Healthy / Normal,1,0
SAT-1,977,1772.869,22.833,-5.565,3.764,31.599,0,Warning,Minor Unusual Behavior,1,2
SAT-1,803,867.915,23.98,13.928,2.347,36.069,0,Minor_Unusual,Minor Unusual Behavior,1,2
SAT-1,963,1042.694,24.325,-19.699,2.072,48.047,1,Healthy,Healthy / Normal,1,0
SAT-1,2568,1496.495,20.64,10.166,4.454,14.531,0,Unhealthy_Anomaly,Unhealthy / Anomaly,0,7
SAT-1,2561,1818.795,20.463,-45.699,4.508,13.37,0,Critical,Critical,0,9
SAT-1,1695,972.726,20.78,47.13,4.592,15.468,0,Critical,Critical,0,9
SAT-1,1908,968.926,23.39,1.203,2.459,31.994,0,Minor_Unusual,Minor Unusual Behavior,1,2
SAT-1,774,729.472,21.69,17.68,3.436,23.897,0,Warning,Warning Condition,0,5
SAT-1,1371,1330.41,20.535,-3.653,3.91,14.297,0,Unhealthy_Anomaly,Warning Condition,0,5
SAT-1,2128,973.622,23.77,2.52,2.534,49.367,1,Minor_Unusual,Healthy / Normal,1,0
SAT-1,1345,1843.104,20.852,-32.754,3.88,14.309,0,Unhealthy_Anomaly,Unhealthy / Anomaly,0,7
SAT-1,479,1716.873,23.436,-0.584,2.753,40.036,0,Minor_Unusual,Minor Unusual Behavior,1,2
SAT-1,2018,982.403,26.656,2.602,1.235,71.824,1,Healthy,Healthy / Normal,1,0
SAT-1,1024,1889.452,23.501,26.691,2.753,46.834,1,Minor_Unusual,Healthy / Normal,1,0
SAT-1,514,1568.133,26.986,-17.302,0.709,56.232,1,Healthy,Healthy / Normal,1,0
SAT-1,793,1206.149,20.166,-45.53,4.522,15.246,0,Critical,Critical,0,9
SAT-1,2173,1171.289,24.961,-19.223,1.966,86.641,1,Healthy,Healthy / Normal,1,0
SAT-1,1846,1847.243,27.671,-12.585,1.09,69.031,1,Healthy,Healthy / Normal,1,0
SAT-1,707,716.023,28.916,-13.783,1.112,77.515,1,Healthy,Healthy / Normal,1,0
SAT-1,245,1112.776,22.203,29.494,3.886,25.48,1,Warning,Minor Unusual Behavior,1,3
SAT-1,1870,888.643,22.434,0.57,3.499,26.274,1,Warning,Minor Unusual Behavior,1,3
SAT-1,302,1820.658,21.677,-35.539,3.078,20.04,1,Warning,Warning Condition,0,5
SAT-1,1946,780.931,20.634,9.44,4.556,21.09,0,Unhealthy_Anomaly,Unhealthy / Anomaly,0,7
SAT-1,1632,1707.329,21.984,35.311,3.783,30.309,1,Warning,Warning Condition,0,4
SAT-1,1099,1065.86,22.781,-7.12,2.313,38.29,1,Minor_Unusual,Healthy / Normal,1,0
SAT-1,1872,1804.31,22.685,-18.81,2.146,43.594,1,Minor_Unusual,Healthy / Normal,1,0
SAT-1,2326,1237.782,22.237,-37.294,3.619,23.347,1,Warning,Warning Condition,0,5
SAT-1,908,941.513,25.234,8.5,2.317,50.483,1,Healthy,Healthy / Normal,1,0
SAT-1,621,1881.324,28.984,-5.853,1.593,69.352,1,Healthy,Healthy / Normal,1,0
SAT-1,1159,918.598,24.071,-31.872,3.011,34.434,1,Minor_Unusual,Minor Unusual Behavior,1,2
SAT-1,732,1475.151,23.861,9.548,2.979,40.839,1,Minor_Unusual,Healthy / Normal,1,0
SAT-1,216,1766.532,21.393,-41.621,4.454,19.553,0,Unhealthy_Anomaly,Critical,0,9
SAT-1,2578,1551.173,25.548,3.843,2.156,75.242,1,Healthy,Healthy / Normal,1,0
SAT-1,2022,1656.385,24.624,10.624,1.585,69.598,1,Healthy,Healthy / Normal,1,0
SAT-1,1416,1798.815,26.573,19.679,0.481,94.231,1,Healthy,Healthy / Normal,1,0
SAT-1,1477,992.807,26.466,-13.09,2.362,70.056,1,Healthy,Healthy / Normal,1,0
SAT-1,2148,1693.124,28.813,-5.009,0.908,89.187,1,Healthy,Healthy / Normal,1,0
SAT-1,1159,1612.973,27.32,-12.675,0.599,65.673,1,Healthy,Healthy / Normal,1,0
SAT-1,1318,935.332,23.9,18.431,3.2,45.175,1,Minor_Unusual,Healthy / Normal,1,0
SAT-1,1740,1508.401,28.497,8.462,0.983,91.659,1,Healthy,Healthy / Normal,1,0
SAT-1,1063,920.962,24.462,-9.799,1.81,77.122,1,Healthy,Healthy / Normal,1,0
SAT-1,835,1802.967,20.513,10.106,3.99,18.693,1,Unhealthy_Anomaly,Minor Unusual Behavior,1,3
SAT-1,299,1278.911,20.121,48.179,4.971,14.347,0,Critical,Critical,0,9
SAT-1,525,1344.738,23.3,24.223,2.436,45.001,1,Minor_Unusual,Healthy / Normal,1,0
SAT-1,1969,1303.482,25.229,-13.408,0.573,89.208,1,Healthy,Healthy / Normal,1,0
SAT-1,2530,843.317,23.907,-0.057,3.135,41.66,1,Minor_Unusual,Healthy / Normal,1,0
SAT-1,2408,1042.431,22.747,-20.06,2.058,37.607,1,Minor_Unusual,Healthy / Normal,1,0
SAT-1,2150,1334.783,24.291,-16.947,2.266,39.041,1,Minor_Unusual,Healthy / Normal,1,0
SAT-1,1603,1034.114,24.147,-1.012,0.243,81.455,1,Healthy,Healthy / Normal,1,0
SAT-1,768,1422.87,28.844,-0.087,2.372,79.391,1,Healthy,Healthy / Normal,1,0
SAT-1,1744,1881.606,21.56,1.592,4.35,14.756,0,Unhealthy_Anomaly,Unhealthy / Anomaly,0,7
SAT-1,1498,1318.727,27.28,-4.5,0.665,87.076,1,Healthy,Healthy / Normal,1,0
SAT-1,1347,1353.083,24.592,14.099,0.383,55.918,1,Healthy,Healthy / Normal,1,0
SAT-1,908,835.27,24.031,31.029,3.021,34.303,1,Minor_Unusual,Minor Unusual Behavior,1,2
SAT-1,2311,1177.186,21.917,-36.793,3.66,22.359,1,Warning,Warning Condition,0,5
SAT-1,1699,1836.195,22.702,-25.149,2.834,38.511,1,Minor_Unusual,Healthy / Normal,1,0
SAT-1,1092,1692.666,20.57,-34.467,4.082,20.635,1,Unhealthy_Anomaly,Unhealthy / Anomaly,0,7
SAT-1,600,1577.663,24.409,28.119,2.3,30.174,1,Minor_Unusual,Healthy / Normal,1,0
SAT-1,2540,803.932,23.11,-22.908,2.383,44.828,0,Minor_Unusual,Minor Unusual Behavior,1,2
SAT-1,2302,1687.995,24.022,-9.496,0.637,65.293,1,Healthy,Healthy / Normal,1,0
SAT-1,800,1333.432,22.978,-3.814,3.964,28.305,1,Warning,Healthy / Normal,1,0
SAT-1,1499,819.038,27.55,7.817,2.447,92.69,1,Healthy,Healthy / Normal,1,0
SAT-1,1338,1435.96,28.569,-5.517,1.29,92.423,1,Healthy,Healthy / Normal,1,0
SAT-1,2152,794.646,26.198,7.445,2.465,54.434,1,Healthy,Healthy / Normal,1,0
SAT-1,1028,1711.6,24.46,6.124,0.524,51.153,1,Healthy,Healthy / Normal,1,0
SAT-1,259,823.808,24.342,17.974,2.681,42.209,1,Minor_Unusual,Healthy / Normal,1,0
SAT-1,1093,1698.348,22.448,14.597,3.766,29.711,1,Warning,Minor Unusual Behavior,1,2
SAT-1,2502,902.842,28.729,-12.984,1.391,67.09,1,Healthy,Healthy / Normal,1,0
SAT-1,213,1698.553,20.54,48.868,4.844,10.086,0,Critical,Critical,0,9
SAT-1,2021,1825.126,27.18,-18.8,0.606,85.371,1,Healthy,Healthy / Normal,1,0
SAT-1,2163,1234.775,21.379,-45.272,4.282,15.149,0,Unhealthy_Anomaly,Critical,0,9
SAT-1,917,1465.666,26.71,17.104,0.477,46.833,1,Healthy,Healthy / Normal,1,0
SAT-1,1904,1269.486,22.991,-4.255,3.12,42.84,0,Minor_Unusual,Minor Unusual Behavior,1,2
SAT-1,430,1620.074,25.396,-3.802,0.827,64.846,1,Healthy,Healthy / Normal,1,0
SAT-1,2219,1739.264,28.666,14.927,0.597,91.217,1,Healthy,Healthy / Normal,1,0
SAT-1,1248,1571.076,22.789,-13.445,3.916,30.225,1,Warning,Healthy / Normal,1,0
SAT-1,2452,1470.13,24.426,24.109,2.117,48.498,1,Minor_Unusual,Healthy / Normal,1,0
SAT-1,2180,1479.036,20.855,0.933,4.564,13.298,0,Unhealthy_Anomaly,Unhealthy / Anomaly,0,7
SAT-1,2334,1172.514,24.364,27.14,2.661,37.768,1,Minor_Unusual,Healthy / Normal,1,0
SAT-1,1314,1296.717,26.272,1.717,1.583,77.535,1,Healthy,Healthy / Normal,1,0
SAT-1,985,1815.247,25.645,6.019,0.999,66.501,1,Healthy,Healthy / Normal,1,0
SAT-1,2045,809.288,23.463,-25.594,2.372,33.815,1,Minor_Unusual,Healthy / Normal,1,0
SAT-1,723,1551.158,20.706,-9.584,4.348,17.337,1,Unhealthy_Anomaly,Warning Condition,0,5
SAT-1,267,1522.551,20.391,-48.573,4.436,13.967,1,Critical,Unhealthy / Anomaly,0,7
SAT-1,1154,783.939,22.068,26.91,3.683,25.816,1,Warning,Minor Unusual Behavior,1,3
SAT-1,2283,934.156,25.883,19.628,1.328,85.773,1,Healthy,Healthy / Normal,1,0
SAT-1,367,1613.235,26.541,0.345,0.849,84.036,1,Healthy,Healthy / Normal,1,0
SAT-1,559,923.199,23.758,-5.73,3.231,41.513,1,Minor_Unusual,Healthy / Normal,1,0
SAT-1,2432,1460.797,23.697,-11.17,3.121,30.777,1,Minor_Unusual,Healthy / Normal,1,0
SAT-1,1839,1136.501,21.154,-24.61,4.057,16.976,1,Unhealthy_Anomaly,Warning Condition,0,5
SAT-1,1276,1366.055,23.036,5.439,2.264,41.934,1,Minor_Unusual,Healthy / Normal,1,0
SAT-1,1029,1355.251,28.228,10.279,0.834,80.204,1,Healthy,Healthy / Normal,1,0
SAT-1,1341,1379.956,27.09,-11.025,1.162,45.745,1,Healthy,Healthy / Normal,1,0
SAT-1,1286,1528.467,22.303,14.314,3.54,30.423,1,Warning,Minor Unusual Behavior,1,2
SAT-1,407,1163.569,20.61,28.05,4.352,20.699,0,Unhealthy_Anomaly,Unhealthy / Anomaly,0,7
SAT-1,1366,1175.79,22.855,-19.666,3.5,31.561,1,Warning,Healthy / Normal,1,0
SAT-1,1191,1370.37,24.647,-7.11,0.841,56.313,1,Healthy,Healthy / Normal,1,0
SAT-1,1935,1038.183,23.274,16.705,2.467,37.032,1,Minor_Unusual,Healthy / Normal,1,0
SAT-1,1976,1586.68,21.217,5.492,4.365,21.007,0,Unhealthy_Anomaly,Unhealthy / Anomaly,0,7
SAT-1,534,853.213,22.601,-17.73,3.109,37.846,1,Minor_Unusual,Healthy / Normal,1,0
SAT-1,1226,1589.851,24.746,-3.329,2.406,71.852,1,Healthy,Healthy / Normal,1,0
SAT-1,1823,1545.808,24.256,-2.041,1.076,62.498,1,Healthy,Healthy / Normal,1,0
SAT-1,1960,1248.478,22.812,13.298,2.236,30.302,1,Minor_Unusual,Healthy / Normal,1,0
SAT-1,249,1381.505,24.213,-9.165,2.262,47.849,1,Healthy,Healthy / Normal,1,0
SAT-1,2376,1836.41,26.748,13.587,0.653,89.955,1,Healthy,Healthy / Normal,1,0
SAT-1,1721,1369.552,20.617,46.977,4.825,10.172,0,Critical,Critical,0,9
SAT-1,528,1337.147,25.59,-19.546,2.202,54.127,1,Healthy,Healthy / Normal,1,0
SAT-1,1740,1847.702,27.899,7.855,0.338,90.043,1,Healthy,Healthy / Normal,1,0
SAT-1,679,1695.0,22.77,-26.607,3.19,35.31,1,Minor_Unusual,Healthy / Normal,1,0
SAT-1,1147,1679.795,27.912,11.242,1.368,73.912,1,Healthy,Healthy / Normal,1,0
SAT-1,1103,1539.811,22.882,32.964,3.14,27.785,0,Warning,Warning Condition,0,5
SAT-1,1845,715.425,26.873,11.684,2.2,70.176,1,Healthy,Healthy / Normal,1,0
SAT-1,483,1349.69,22.713,-8.781,3.003,45.581,1,Minor_Unusual,Healthy / Normal,1,0
SAT-1,539,1117.047,26.229,-11.688,2.114,72.78,1,Healthy,Healthy / Normal,1,0
SAT-1,2307,1784.269,20.292,-45.044,4.729,10.638,0,Critical,Critical,0,9
SAT-1,2214,1540.018,23.464,-25.838,2.667,40.886,1,Minor_Unusual,Healthy / Normal,1,0
SAT-1,2232,711.425,25.048,-14.495,1.653,67.659,1,Healthy,Healthy / Normal,1,0
SAT-1,1679,1002.531,25.087,12.945,1.547,59.47,1,Healthy,Healthy / Normal,1,0
SAT-1,2063,810.227,26.442,11.798,0.724,65.786,1,Healthy,Healthy / Normal,1,0
SAT-1,1684,1245.335,28.28,1.973,1.594,67.244,1,Healthy,Healthy / Normal,1,0
SAT-1,288,720.751,22.612,-38.287,3.847,22.96,0,Warning,Warning Condition,0,5
SAT-1,560,894.8,24.991,7.436,1.828,57.595,1,Healthy,Healthy / Normal,1,0
SAT-1,1916,1786.746,21.156,-1.908,3.839,12.194,0,Unhealthy_Anomaly,Warning Condition,0,5
SAT-1,2313,1442.233,20.018,-48.285,4.936,15.25,0,Critical,Critical,0,9
SAT-1,2180,1219.708,22.775,5.209,2.255,39.605,1,Minor_Unusual,Healthy / Normal,1,0
SAT-1,791,1126.705,27.575,9.617,1.381,76.331,1,Healthy,Healthy / Normal,1,0
SAT-1,1946,1159.145,26.775,-14.682,1.116,47.773,1,Healthy,Healthy / Normal,1,0
SAT-1,1466,981.799,22.364,-35.938,3.624,28.83,1,Warning,Warning Condition,0,4
SAT-1,755,716.69,27.294,-5.549,0.209,87.281,1,Healthy,Healthy / Normal,1,0
SAT-1,2526,1519.683,24.0,27.972,3.186,40.04,1,Minor_Unusual,Healthy / Normal,1,0
SAT-1,2031,1307.592,22.682,0.238,2.769,37.441,1,Minor_Unusual,Healthy / Normal,1,0
SAT-1,2282,1763.623,25.314,-14.321,0.86,67.752,0,Healthy,Minor Unusual Behavior,1,2
SAT-1,295,1669.41,26.016,-7.364,1.869,73.62,1,Healthy,Healthy / Normal,1,0
SAT-1,220,1469.393,23.12,-20.592,2.872,44.901,1,Minor_Unusual,Healthy / Normal,1,0
SAT-1,1546,1334.206,23.169,-16.989,3.002,31.987,1,Minor_Unusual,Healthy / Normal,1,0
SAT-1,1688,1415.749,22.621,24.63,2.637,30.881,1,Minor_Unusual,Healthy / Normal,1,0
SAT-1,447,1624.78,24.121,3.323,1.555,68.986,1,Healthy,Healthy / Normal,1,0
SAT-1,2023,891.587,21.564,36.032,3.72,14.211,0,Unhealthy_Anomaly,Unhealthy / Anomaly,0,7
SAT-1,1305,1450.935,27.285,9.717,1.956,48.833,1,Healthy,Healthy / Normal,1,0
SAT-1,681,859.7,22.925,-19.011,3.357,24.456,1,Warning,Healthy / Normal,1,1
SAT-1,2077,995.76,27.942,16.42,1.148,58.891,1,Healthy,Healthy / Normal,1,0
SAT-1,2515,1126.28,21.63,-38.161,3.977,22.277,1,Warning,Warning Condition,0,5
SAT-1,2252,1195.146,26.104,6.078,1.575,85.327,1,Healthy,Healthy / Normal,1,0
SAT-1,981,717.079,22.038,-26.932,3.679,21.278,1,Warning,Minor Unusual Behavior,1,3
SAT-1,2419,1650.941,23.355,20.301,3.029,35.557,0,Minor_Unusual,Minor Unusual Behavior,1,2
SAT-1,624,1114.878,20.696,-47.119,4.678,11.218,0,Critical,Critical,0,9
SAT-1,317,880.257,22.2,-1.956,3.117,25.007,0,Warning,Warning Condition,0,5
SAT-1,265,1305.757,21.64,-29.593,3.892,18.858,0,Unhealthy_Anomaly,Warning Condition,0,5
SAT-1,865,766.186,25.67,5.094,1.819,57.647,1,Healthy,Healthy / Normal,1,0
SAT-1,1167,718.01,22.579,29.248,3.799,21.198,1,Warning,Healthy / Normal,1,1
SAT-1,831,1227.279,22.808,-22.135,2.371,43.637,1,Minor_Unusual,Healthy / Normal,1,0
SAT-1,2139,1567.322,26.053,-19.047,0.908,61.129,1,Healthy,Healthy / Normal,1,0
SAT-1,1446,767.662,22.745,-39.461,3.659,31.053,0,Warning,Warning Condition,0,4
SAT-1,1941,1317.649,24.115,0.023,2.364,46.684,1,Minor_Unusual,Healthy / Normal,1,0
SAT-1,2199,1727.743,21.681,32.702,3.961,19.131,0,Unhealthy_Anomaly,Unhealthy / Anomaly,0,7
SAT-1,1614,1377.021,23.006,18.395,2.438,47.987,1,Minor_Unusual,Healthy / Normal,1,0
SAT-1,403,884.078,20.562,-44.158,4.25,18.114,0,Unhealthy_Anomaly,Critical,0,9
SAT-1,1711,705.361,24.617,-1.518,1.562,52.648,1,Healthy,Healthy / Normal,1,0
SAT-1,442,1479.411,28.189,16.838,1.402,49.826,1,Healthy,Healthy / Normal,1,0
SAT-1,1970,990.988,23.739,0.925,2.41,45.833,1,Minor_Unusual,Healthy / Normal,1,0
SAT-1,2480,839.865,27.015,-10.022,0.505,51.276,1,Healthy,Healthy / Normal,1,0
SAT-1,2220,960.954,24.928,-14.286,1.556,60.473,1,Healthy,Healthy / Normal,1,0
SAT-1,2003,1726.197,20.791,-36.067,3.787,17.787,1,Unhealthy_Anomaly,Warning Condition,0,5
SAT-1,1071,1009.208,23.391,4.489,2.201,45.681,0,Minor_Unusual,Minor Unusual Behavior,1,2
SAT-1,2529,1615.659,21.726,-37.315,4.208,21.452,1,Unhealthy_Anomaly,Unhealthy / Anomaly,0,7
SAT-1,1350,1035.374,21.169,29.617,4.022,19.379,1,Unhealthy_Anomaly,Warning Condition,0,5
SAT-1,442,1787.5,28.989,-9.894,1.045,52.332,1,Healthy,Healthy / Normal,1,0
SAT-1,490,720.738,27.22,-9.655,1.797,84.101,1,Healthy,Healthy / Normal,1,0
SAT-1,745,1569.385,22.908,-13.479,3.899,23.292,1,Warning,Healthy / Normal,1,1
SAT-1,1880,807.057,25.497,18.578,0.959,88.535,1,Healthy,Healthy / Normal,1,0
SAT-1,1893,1172.133,22.064,28.7,3.668,26.459,1,Warning,Minor Unusual Behavior,1,3
SAT-1,2054,1214.443,23.087,-27.372,2.455,33.534,0,Minor_Unusual,Minor Unusual Behavior,1,2
SAT-1,1928,1121.601,25.707,-10.032,0.246,76.037,1,Healthy,Healthy / Normal,1,0
SAT-1,2373,1708.421,24.139,3.287,0.59,74.879,1,Healthy,Healthy / Normal,1,0
SAT-1,1503,1686.673,23.498,23.043,2.982,37.354,1,Minor_Unusual,Healthy / Normal,1,0
SAT-1,2240,789.842,20.827,-5.949,4.4,16.216,0,Unhealthy_Anomaly,Unhealthy / Anomaly,0,7
SAT-1,895,1842.669,28.33,14.885,0.724,45.721,1,Healthy,Healthy / Normal,1,0
SAT-1,2156,1117.025,23.923,27.977,2.76,43.798,1,Minor_Unusual,Healthy / Normal,1,0
SAT-1,2358,713.266,23.076,17.16,2.739,34.619,1,Minor_Unusual,Healthy / Normal,1,0
SAT-1,952,1804.059,20.512,-31.645,4.066,13.32,0,Unhealthy_Anomaly,Critical,0,9
SAT-1,2011,840.025,24.335,-6.57,1.089,74.891,1,Healthy,Healthy / Normal,1,0
SAT-1,444,1692.25,25.549,13.976,0.339,52.792,1,Healthy,Healthy / Normal,1,0
SAT-1,372,1452.167,21.964,-11.835,3.764,29.768,0,Warning,Warning Condition,0,4
SAT-1,2200,1795.326,25.27,11.468,1.471,87.976,1,Healthy,Healthy / Normal,1,0
SAT-1,568,1624.575,22.988,-25.221,2.996,41.817,0,Minor_Unusual,Minor Unusual Behavior,1,2
SAT-1,1673,1582.282,24.117,6.045,0.719,48.27,1,Healthy,Healthy / Normal,1,0
SAT-1,2368,1764.902,22.779,7.216,3.008,31.515,1,Minor_Unusual,Healthy / Normal,1,0
SAT-1,1227,1843.533,23.945,27.434,2.591,39.234,1,Minor_Unusual,Healthy / Normal,1,0
SAT-1,1511,1239.194,24.338,-1.772,1.293,80.127,1,Healthy,Healthy / Normal,1,0
SAT-1,2070,1086.215,23.832,-29.498,2.342,48.459,1,Minor_Unusual,Healthy / Normal,1,0
SAT-1,635,1899.415,23.669,13.919,3.178,38.104,1,Minor_Unusual,Healthy / Normal,1,0
SAT-1,892,967.62,24.394,-15.904,0.804,81.533,1,Healthy,Healthy / Normal,1,0
SAT-1,969,874.46,26.264,12.423,2.43,82.053,1,Healthy,Healthy / Normal,1,0
SAT-1,2347,1052.86,21.672,-22.469,3.958,24.055,1,Warning,Minor Unusual Behavior,1,3
SAT-1,2581,1030.612,24.465,-24.447,2.913,38.433,0,Minor_Unusual,Minor Unusual Behavior,1,2
SAT-1,704,1480.163,23.027,-13.527,2.54,40.856,1,Minor_Unusual,Healthy / Normal,1,0
SAT-1,1648,1233.957,24.273,-7.263,1.581,58.955,1,Healthy,Healthy / Normal,1,0
SAT-1,1606,1310.268,26.858,0.631,0.439,52.936,1,Healthy,Healthy / Normal,1,0
SAT-1,1212,1861.814,23.627,17.698,2.064,41.72,1,Minor_Unusual,Healthy / Normal,1,0
SAT-1,1353,1796.57,22.742,-13.161,2.302,48.197,1,Minor_Unusual,Healthy / Normal,1,0
SAT-1,775,1301.857,28.033,-12.272,1.191,76.312,1,Healthy,Healthy / Normal,1,0
SAT-1,511,1737.259,23.405,24.117,3.276,40.803,1,Minor_Unusual,Healthy / Normal,1,0
SAT-1,434,1257.561,26.89,10.836,1.32,60.365,1,Healthy,Healthy / Normal,1,0
SAT-1,614,1559.475,25.515,13.851,0.823,86.781,1,Healthy,Healthy / Normal,1,0
SAT-1,365,1624.377,28.687,8.486,0.417,49.463,1,Healthy,Healthy / Normal,1,0
SAT-1,1446,848.682,27.633,-14.554,0.221,54.499,1,Healthy,Healthy / Normal,1,0
SAT-1,303,883.967,25.402,3.614,0.655,79.001,1,Healthy,Healthy / Normal,1,0
SAT-1,1873,1788.105,21.356,-11.176,4.244,16.133,1,Unhealthy_Anomaly,Warning Condition,0,5
SAT-1,2405,1577.055,22.743,29.514,2.921,47.259,0,Minor_Unusual,Minor Unusual Behavior,1,2
SAT-1,372,1891.155,28.647,18.04,0.582,55.9,1,Healthy,Healthy / Normal,1,0
SAT-1,540,1217.825,23.846,10.95,2.144,44.1,1,Minor_Unusual,Healthy / Normal,1,0
SAT-1,2275,1035.489,22.876,-35.145,3.426,27.3,0,Warning,Warning Condition,0,5
SAT-1,2453,921.883,24.104,-17.657,2.399,45.864,1,Healthy,Healthy / Normal,1,0
SAT-1,1958,1554.553,26.3,19.605,1.459,55.085,1,Healthy,Healthy / Normal,1,0
SAT-1,1373,942.068,21.201,33.267,4.505,19.791,0,Unhealthy_Anomaly,Critical,0,9
SAT-1,2167,924.695,21.829,39.445,4.431,19.027,1,Unhealthy_Anomaly,Unhealthy / Anomaly,0,7
SAT-1,2560,784.511,22.697,-23.678,3.778,24.52,1,Warning,Healthy / Normal,1,1
SAT-1,1499,1024.754,22.876,-4.636,2.515,35.134,1,Minor_Unusual,Healthy / Normal,1,0
SAT-1,643,1862.963,27.858,19.909,1.074,49.656,1,Healthy,Healthy / Normal,1,0
SAT-1,221,1613.589,28.005,-15.964,0.45,70.834,1,Healthy,Healthy / Normal,1,0
SAT-1,2594,804.553,22.196,-21.792,3.917,28.524,0,Warning,Warning Condition,0,4
SAT-1,280,1040.714,24.462,14.123,1.438,94.025,1,Healthy,Healthy / Normal,1,0
SAT-1,2466,1110.486,22.187,-39.817,3.98,25.546,1,Warning,Warning Condition,0,5
SAT-1,568,1483.882,21.957,-0.771,4.385,19.43,0,Unhealthy_Anomaly,Unhealthy / Anomaly,0,7
SAT-1,2456,1465.985,23.148,-1.843,3.261,49.327,1,Minor_Unusual,Healthy / Normal,1,0
SAT-1,1936,1015.896,23.883,-22.975,2.04,30.889,0,Minor_Unusual,Minor Unusual Behavior,1,2
SAT-1,625,1178.257,24.125,11.406,2.972,47.401,1,Minor_Unusual,Healthy / Normal,1,0
SAT-1,802,1452.358,25.856,-6.242,0.316,83.06,1,Healthy,Healthy / Normal,1,0
SAT-1,2545,1214.418,26.897,4.433,0.91,60.916,1,Healthy,Healthy / Normal,1,0
SAT-1,2526,1859.075,26.126,-2.235,0.339,56.78,1,Healthy,Healthy / Normal,1,0
SAT-1,1283,989.465,24.471,-16.861,3.197,36.052,1,Minor_Unusual,Healthy / Normal,1,0
SAT-1,1674,1253.142,21.939,22.88,4.073,21.929,0,Unhealthy_Anomaly,Unhealthy / Anomaly,0,7
SAT-1,2352,776.688,22.655,19.322,3.461,22.492,0,Warning,Minor Unusual Behavior,1,3
SAT-1,966,1048.61,23.366,-11.747,2.803,35.338,1,Minor_Unusual,Healthy / Normal,1,0
SAT-1,1607,878.872,25.896,12.293,1.565,58.075,1,Healthy,Healthy / Normal,1,0
SAT-1,1537,1678.314,28.665,13.214,0.325,46.808,1,Healthy,Healthy / Normal,1,0
SAT-1,1467,789.27,22.849,-29.567,2.567,32.16,1,Minor_Unusual,Healthy / Normal,1,0
SAT-1,1824,1497.256,24.255,-28.258,3.117,33.226,1,Minor_Unusual,Healthy / Normal,1,0
SAT-1,1776,703.43,22.578,-38.706,3.285,27.087,1,Warning,Minor Unusual Behavior,1,3
SAT-1,1499,1151.214,24.128,0.358,2.778,45.503,1,Minor_Unusual,Healthy / Normal,1,0
SAT-1,250,1571.005,22.572,29.816,3.453,25.045,0,Warning,Minor Unusual Behavior,1,3
SAT-1,1658,904.868,23.312,21.387,2.225,44.238,1,Minor_Unusual,Healthy / Normal,1,0
SAT-1,1821,1616.281,26.472,-15.316,2.156,56.724,1,Healthy,Healthy / Normal,1,0
SAT-1,638,743.447,24.822,0.862,1.384,50.075,1,Healthy,Healthy / Normal,1,0
SAT-1,2462,1041.436,25.682,5.101,1.818,62.956,1,Healthy,Healthy / Normal,1,0
SAT-1,2334,914.244,23.068,-5.604,3.107,32.646,1,Minor_Unusual,Healthy / Normal,1,0
SAT-1,923,1216.739,22.489,24.596,3.714,25.9,1,Warning,Healthy / Normal,1,1
SAT-1,1750,840.961,20.528,4.702,4.475,19.177,0,Unhealthy_Anomaly,Unhealthy / Anomaly,0,7
SAT-1,2518,1390.876,25.982,9.097,2.389,83.806,1,Healthy,Healthy / Normal,1,0
SAT-1,726,772.742,25.753,-11.148,0.418,91.654,1,Healthy,Healthy / Normal,1,0
SAT-1,403,1542.628,23.391,-25.762,3.174,46.092,1,Minor_Unusual,Healthy / Normal,1,0
SAT-1,1843,1482.7,25.665,19.056,0.616,53.782,1,Healthy,Healthy / Normal,1,0
SAT-1,1827,715.781,25.541,3.093,1.813,84.149,1,Healthy,Healthy / Normal,1,0
SAT-1,898,897.946,22.043,-35.459,3.765,24.978,1,Warning,Warning Condition,0,5
SAT-1,692,1598.459,27.961,3.912,1.452,85.325,1,Healthy,Healthy / Normal,1,0
SAT-1,507,1427.056,22.731,-3.205,3.488,30.909,1,Warning,Healthy / Normal,1,0
SAT-1,591,1388.718,23.606,10.033,2.67,31.803,1,Minor_Unusual,Healthy / Normal,1,0
SAT-1,1875,1707.216,27.155,3.477,2.102,53.358,1,Healthy,Healthy / Normal,1,0
SAT-1,849,1356.263,22.37,-38.643,3.122,29.874,0,Warning,Unhealthy / Anomaly,0,6
SAT-1,2058,975.082,25.403,4.625,1.265,66.626,1,Healthy,Healthy / Normal,1,0
SAT-1,1549,1014.113,21.92,29.547,3.39,22.296,1,Warning,Minor Unusual Behavior,1,3
SAT-1,1292,1423.594,22.815,-11.01,2.371,31.48,1,Minor_Unusual,Healthy / Normal,1,0
SAT-1,1044,1321.459,27.743,-13.512,2.356,90.502,0,Healthy,Minor Unusual Behavior,1,2
SAT-1,371,1386.948,23.978,2.2,3.224,48.553,1,Minor_Unusual,Healthy / Normal,1,0
SAT-1,1720,814.518,25.287,8.608,1.043,88.401,1,Healthy,Healthy / Normal,1,0
SAT-1,2286,1721.483,22.825,-6.59,2.838,46.503,1,Minor_Unusual,Healthy / Normal,1,0
SAT-1,1464,1307.291,24.005,19.943,0.648,79.626,1,Healthy,Healthy / Normal,1,0
SAT-1,1802,1662.168,25.155,-5.536,1.556,75.894,1,Healthy,Healthy / Normal,1,0
SAT-1,1119,1773.773,22.893,-30.748,2.968,48.545,1,Minor_Unusual,Minor Unusual Behavior,1,2
SAT-1,473,1515.855,22.239,-4.323,3.944,20.881,1,Warning,Minor Unusual Behavior,1,3
SAT-1,2162,783.653,24.148,-4.925,1.134,63.222,1,Healthy,Healthy / Normal,1,0
SAT-1,2233,1277.76,22.837,-20.987,3.237,40.695,1,Minor_Unusual,Healthy / Normal,1,0
SAT-1,2354,900.451,22.65,-0.912,3.836,24.847,1,Warning,Healthy / Normal,1,1
SAT-1,507,1674.095,22.12,35.202,3.939,25.111,1,Warning,Warning Condition,0,5
SAT-1,1835,1213.166,28.354,-7.245,2.006,57.513,1,Healthy,Healthy / Normal,1,0
SAT-1,1729,1373.496,20.096,-46.629,4.849,13.088,0,Critical,Critical,0,9
SAT-1,1635,1507.37,20.672,45.371,4.854,15.695,0,Critical,Critical,0,9
SAT-1,1479,1063.342,22.535,-6.571,3.366,26.449,1,Warning,Healthy / Normal,1,1
SAT-1,343,1471.435,28.197,-16.023,0.976,88.956,1,Healthy,Healthy / Normal,1,0
SAT-1,665,1439.302,24.914,-13.356,0.447,53.434,1,Healthy,Healthy / Normal,1,0
SAT-1,935,1877.377,24.735,-10.392,0.374,68.03,1,Healthy,Healthy / Normal,1,0
SAT-1,270,1406.915,21.165,-38.174,4.383,17.119,0,Unhealthy_Anomaly,Critical,0,9
SAT-1,1398,1891.347,28.958,4.991,0.729,64.107,1,Healthy,Healthy / Normal,1,0
SAT-1,1046,728.569,26.137,10.759,1.639,57.876,1,Healthy,Healthy / Normal,1,0
SAT-1,567,1021.966,22.09,28.103,3.744,22.848,1,Warning,Minor Unusual Behavior,1,3
SAT-1,2429,866.311,28.67,-15.577,1.069,82.085,1,Healthy,Healthy / Normal,1,0
SAT-1,1439,1061.399,26.083,7.92,1.312,55.76,1,Healthy,Healthy / Normal,1,0
SAT-1,1329,1631.307,26.045,9.196,1.752,62.579,1,Healthy,Healthy / Normal,1,0
SAT-1,2430,1089.114,22.205,36.419,3.375,28.883,1,Warning,Warning Condition,0,4
SAT-1,2278,1828.629,23.564,-25.16,2.699,31.215,1,Minor_Unusual,Healthy / Normal,1,0
SAT-1,220,847.882,24.863,-19.574,1.342,54.047,1,Healthy,Healthy / Normal,1,0
SAT-1,1640,1353.612,26.607,8.205,0.862,79.141,1,Healthy,Healthy / Normal,1,0
SAT-1,1697,1739.588,24.151,-23.126,2.215,40.115,1,Minor_Unusual,Healthy / Normal,1,0
SAT-1,1174,1262.691,23.259,25.479,2.787,48.06,1,Minor_Unusual,Healthy / Normal,1,0
SAT-1,1079,959.752,22.9,20.041,3.81,24.58,1,Warning,Healthy / Normal,1,1
SAT-1,1472,915.143,25.341,7.487,2.159,77.276,1,Healthy,Healthy / Normal,1,0
SAT-1,200,825.314,23.65,-4.511,2.146,44.656,1,Minor_Unusual,Healthy / Normal,1,0
SAT-1,717,1344.502,22.291,-31.611,3.092,30.903,1,Warning,Warning Condition,0,4
SAT-1,2141,1046.465,20.841,44.632,4.881,15.39,0,Critical,Critical,0,9
SAT-1,2096,1256.464,21.632,-10.531,3.565,26.607,1,Warning,Minor Unusual Behavior,1,3
SAT-1,1293,1722.744,21.986,40.397,4.34,21.309,0,Unhealthy_Anomaly,Critical,0,9
SAT-1,1391,1490.284,26.958,17.649,0.955,54.23,1,Healthy,Healthy / Normal,1,0
SAT-1,228,1212.626,23.827,-2.911,2.868,44.176,1,Minor_Unusual,Healthy / Normal,1,0
SAT-1,1778,1530.311,20.619,-47.706,4.884,14.26,0,Critical,Critical,0,9
SAT-1,2131,1720.254,22.893,-13.221,3.097,30.094,1,Minor_Unusual,Healthy / Normal,1,0
SAT-1,1575,871.499,28.925,-5.137,0.204,57.213,1,Healthy,Healthy / Normal,1,0
SAT-1,530,1221.703,27.845,-16.586,2.298,68.315,1,Healthy,Healthy / Normal,1,0
SAT-1,639,759.259,28.835,-2.833,0.271,61.098,1,Healthy,Healthy / Normal,1,0
SAT-1,2214,975.214,21.79,3.531,3.525,29.097,0,Warning,Warning Condition,0,4
SAT-1,231,1797.612,27.283,-2.805,1.646,88.482,1,Healthy,Healthy / Normal,1,0
SAT-1,250,1884.595,27.976,4.782,1.457,54.784,1,Healthy,Healthy / Normal,1,0
SAT-1,1410,1573.837,22.931,21.359,3.167,31.078,1,Minor_Unusual,Healthy / Normal,1,0
SAT-1,2353,1630.051,23.35,23.747,2.023,31.354,1,Minor_Unusual,Healthy / Normal,1,0
SAT-1,2511,1745.358,22.051,-16.04,3.188,31.057,1,Warning,Minor Unusual Behavior,1,2
SAT-1,1072,1700.762,24.797,-17.228,1.712,77.173,1,Healthy,Healthy / Normal,1,0
SAT-1,2406,1142.047,28.818,2.42,1.302,49.728,1,Healthy,Healthy / Normal,1,0
SAT-1,2282,1129.886,27.822,17.983,1.836,66.601,1,Healthy,Healthy / Normal,1,0
SAT-1,1862,1236.952,25.6,-9.291,1.511,80.872,1,Healthy,Healthy / Normal,1,0
SAT-1,2425,1080.922,21.324,23.087,4.562,20.889,0,Unhealthy_Anomaly,Unhealthy / Anomaly,0,7
SAT-1,266,818.212,21.535,-15.136,3.086,28.59,1,Warning,Minor Unusual Behavior,1,2
SAT-1,429,988.775,27.706,13.909,0.755,86.382,1,Healthy,Healthy / Normal,1,0
SAT-1,785,1252.948,26.377,-9.474,0.787,76.144,1,Healthy,Healthy / Normal,1,0
SAT-1,274,1837.616,22.812,-39.098,3.774,31.762,1,Warning,Minor Unusual Behavior,1,2
SAT-1,2513,1004.687,23.822,-15.006,2.052,43.252,1,Minor_Unusual,Healthy / Normal,1,0
SAT-1,1631,1436.883,21.686,-31.884,3.995,22.743,0,Warning,Critical,0,9
SAT-1,598,1189.866,21.862,33.935,3.98,17.781,1,Unhealthy_Anomaly,Warning Condition,0,5
SAT-1,314,1882.494,28.062,-1.564,0.457,71.472,1,Healthy,Healthy / Normal,1,0
SAT-1,1510,1412.966,22.62,19.859,3.804,29.129,1,Warning,Healthy / Normal,1,0
SAT-1,278,813.86,20.197,48.406,4.517,12.391,0,Critical,Critical,0,9
SAT-1,2598,1675.959,24.259,3.765,2.999,33.475,1,Minor_Unusual,Healthy / Normal,1,0
SAT-1,1362,1616.06,28.436,-0.367,1.305,77.468,1,Healthy,Healthy / Normal,1,0
SAT-1,2575,1456.558,25.61,-10.346,0.344,71.632,1,Healthy,Healthy / Normal,1,0
SAT-1,1390,871.772,20.726,-14.423,4.39,14.146,0,Unhealthy_Anomaly,Unhealthy / Anomaly,0,7
SAT-1,2596,1173.83,25.528,-7.423,1.583,77.502,1,Healthy,Healthy / Normal,1,0
SAT-1,1160,956.666,21.826,30.295,3.31,23.624,1,Warning,Minor Unusual Behavior,1,3
SAT-1,799,810.207,22.127,-10.278,3.86,29.797,1,Warning,Minor Unusual Behavior,1,2
SAT-1,544,929.985,26.654,-17.483,0.472,54.688,1,Healthy,Healthy / Normal,1,0
SAT-1,1872,1654.931,25.55,1.684,1.588,52.891,1,Healthy,Healthy / Normal,1,0
SAT-1,1909,1380.762,24.012,-7.872,2.392,47.88,1,Healthy,Healthy / Normal,1,0
SAT-1,600,1022.138,27.002,-14.017,2.07,88.48,1,Healthy,Healthy / Normal,1,0
SAT-1,1246,955.93,23.422,13.831,2.688,48.698,1,Minor_Unusual,Healthy / Normal,1,0
SAT-1,2152,1776.607,22.575,2.948,3.615,22.371,1,Warning,Healthy / Normal,1,1
SAT-1,1647,1569.71,24.395,28.882,2.584,37.884,1,Minor_Unusual,Healthy / Normal,1,0
SAT-1,776,1832.663,25.705,-14.241,2.299,47.008,1,Healthy,Healthy / Normal,1,0
SAT-1,2380,1375.475,21.689,21.772,3.637,20.625,1,Warning,Minor Unusual Behavior,1,3
SAT-1,438,1632.555,24.226,-31.338,3.016,45.974,1,Minor_Unusual,Minor Unusual Behavior,1,2
SAT-1,1942,887.285,25.443,-19.02,0.668,94.511,1,Healthy,Healthy / Normal,1,0
SAT-1,424,1886.551,22.594,39.3,3.166,28.536,0,Warning,Warning Condition,0,4
SAT-1,403,744.666,28.891,-19.849,0.396,87.027,0,Healthy,Minor Unusual Behavior,1,2
SAT-1,1148,990.968,24.501,-13.148,2.301,54.774,1,Healthy,Healthy / Normal,1,0
SAT-1,1804,1754.889,27.863,-4.491,1.482,94.478,1,Healthy,Healthy / Normal,1,0
SAT-1,1174,1746.661,28.491,12.528,2.468,65.842,1,Healthy,Healthy / Normal,1,0
SAT-1,2202,1613.83,23.514,-7.007,2.356,41.687,1,Minor_Unusual,Healthy / Normal,1,0
SAT-1,1642,793.417,25.013,-14.563,2.417,50.497,1,Healthy,Healthy / Normal,1,0
SAT-1,1988,1397.757,26.945,-15.172,1.82,89.432,1,Healthy,Healthy / Normal,1,0
SAT-1,2260,1719.903,26.699,-18.131,1.415,61.748,1,Healthy,Healthy / Normal,1,0
SAT-1,1965,1382.979,28.185,6.206,2.189,54.088,1,Healthy,Healthy / Normal,1,0
SAT-1,498,1302.215,28.712,17.27,1.285,84.888,1,Healthy,Healthy / Normal,1,0
SAT-1,1593,1369.986,24.031,-9.053,1.15,93.615,1,Healthy,Healthy / Normal,1,0
SAT-1,1882,927.82,23.891,-26.533,2.347,42.781,1,Minor_Unusual,Healthy / Normal,1,0
SAT-1,2053,1558.717,22.785,-2.421,2.536,34.303,0,Minor_Unusual,Minor Unusual Behavior,1,2
SAT-1,1523,1672.44,26.557,16.346,2.174,89.108,1,Healthy,Healthy / Normal,1,0
SAT-1,2066,1658.257,23.592,17.149,2.088,43.224,1,Minor_Unusual,Healthy / Normal,1,0
SAT-1,2297,990.947,24.003,8.187,2.149,76.976,1,Healthy,Healthy / Normal,1,0
SAT-1,740,961.494,27.379,-8.464,2.277,45.735,1,Healthy,Healthy / Normal,1,0
SAT-1,1361,812.879,27.145,-8.0,1.714,63.998,1,Healthy,Healthy / Normal,1,0
SAT-1,2336,750.877,23.547,29.843,2.659,36.322,1,Minor_Unusual,Healthy / Normal,1,0
SAT-1,1125,1326.975,21.85,18.711,3.295,31.436,1,Warning,Minor Unusual Behavior,1,2
SAT-1,2304,1375.659,28.393,15.023,0.754,63.419,1,Healthy,Healthy / Normal,1,0
SAT-1,2426,1151.249,23.726,13.091,2.064,32.355,1,Minor_Unusual,Healthy / Normal,1,0
SAT-1,1153,1488.137,24.612,-18.078,1.719,92.879,1,Healthy,Healthy / Normal,1,0
SAT-1,1908,1136.734,21.313,41.109,3.898,21.849,0,Unhealthy_Anomaly,Unhealthy / Anomaly,0,7
SAT-1,312,1713.79,26.747,7.234,2.157,69.847,1,Healthy,Healthy / Normal,1,0
SAT-1,1663,1455.657,22.95,-24.455,2.195,39.019,1,Minor_Unusual,Healthy / Normal,1,0
SAT-1,1231,1024.673,26.938,6.898,2.262,71.211,1,Healthy,Healthy / Normal,1,0
SAT-1,279,1513.597,27.394,11.433,1.771,58.777,1,Healthy,Healthy / Normal,1,0
SAT-1,391,1433.101,24.929,2.609,0.968,91.388,1,Healthy,Healthy / Normal,1,0
SAT-1,1467,1558.258,24.381,-10.925,0.585,55.852,1,Healthy,Healthy / Normal,1,0
SAT-1,1050,1197.171,22.844,10.639,2.251,34.101,1,Minor_Unusual,Healthy / Normal,1,0
SAT-1,2371,1049.671,21.546,44.178,4.204,12.363,0,Unhealthy_Anomaly,Critical,0,9
SAT-1,1876,1265.997,20.393,-44.989,4.968,12.028,0,Critical,Critical,0,9
SAT-1,2505,714.727,28.772,-13.467,1.795,73.286,1,Healthy,Healthy / Normal,1,0
SAT-1,1330,1190.204,25.957,-4.052,1.376,69.905,1,Healthy,Healthy / Normal,1,0
SAT-1,1698,1543.327,28.887,4.792,2.181,74.963,1,Healthy,Healthy / Normal,1,0
SAT-1,404,1860.199,20.83,45.929,4.681,10.324,0,Critical,Critical,0,9
SAT-1,529,1048.312,22.644,2.589,3.297,26.788,1,Warning,Healthy / Normal,1,1
SAT-1,353,1466.402,28.684,19.347,1.761,49.345,1,Healthy,Healthy / Normal,1,0
SAT-1,1980,1705.605,20.232,49.65,4.938,12.367,1,Critical,Unhealthy / Anomaly,0,7
SAT-1,2569,1388.396,20.987,-37.357,3.932,16.623,0,Unhealthy_Anomaly,Unhealthy / Anomaly,0,7
SAT-1,604,1082.812,25.43,-13.347,2.5,51.681,1,Healthy,Healthy / Normal,1,0
SAT-1,1460,1804.601,21.681,-3.618,4.557,19.999,0,Unhealthy_Anomaly,Unhealthy / Anomaly,0,7
SAT-1,2586,1011.556,22.505,22.997,3.665,23.14,1,Warning,Healthy / Normal,1,1
SAT-1,1903,1866.941,22.624,9.043,3.27,22.003,1,Warning,Healthy / Normal,1,1
SAT-1,460,1672.924,21.702,25.435,3.57,28.774,0,Warning,Warning Condition,0,4
SAT-1,2138,1257.939,21.486,19.646,4.032,17.521,0,Unhealthy_Anomaly,Unhealthy / Anomaly,0,7
SAT-1,1676,1111.107,22.845,31.874,3.512,24.401,1,Warning,Minor Unusual Behavior,1,3
SAT-1,1378,1480.519,24.243,-12.578,2.36,39.949,1,Minor_Unusual,Healthy / Normal,1,0
SAT-1,1528,1331.223,23.755,-30.806,2.183,30.73,1,Minor_Unusual,Minor Unusual Behavior,1,2
SAT-1,1399,719.328,20.254,44.075,4.627,10.44,0,Critical,Critical,0,9
SAT-1,1285,1289.934,28.695,6.302,1.826,62.699,1,Healthy,Healthy / Normal,1,0
SAT-1,2413,1743.356,21.364,17.54,4.247,18.194,0,Unhealthy_Anomaly,Unhealthy / Anomaly,0,7
SAT-1,811,1487.449,25.293,11.379,0.617,92.226,1,Healthy,Healthy / Normal,1,0
SAT-1,1787,919.95,27.267,15.064,1.87,63.157,1,Healthy,Healthy / Normal,1,0
SAT-1,552,1609.023,24.803,-19.035,0.979,49.22,1,Healthy,Healthy / Normal,1,0
SAT-1,1729,1015.898,21.496,8.546,3.807,17.856,1,Unhealthy_Anomaly,Minor Unusual Behavior,1,3
SAT-1,2138,1562.479,22.407,2.613,3.188,25.691,0,Warning,Warning Condition,0,5
SAT-1,1968,1417.199,26.178,15.514,1.843,84.195,1,Healthy,Healthy / Normal,1,0
SAT-1,297,759.107,28.999,13.713,0.925,48.895,1,Healthy,Healthy / Normal,1,0
SAT-1,1688,1399.5,22.863,-0.177,3.592,26.691,1,Warning,Healthy / Normal,1,1
SAT-1,972,1438.552,27.612,-5.774,0.826,54.589,1,Healthy,Healthy / Normal,1,0
SAT-1,2336,1126.73,21.206,41.415,4.108,15.239,0,Unhealthy_Anomaly,Critical,0,9
SAT-1,2127,1199.91,27.034,-8.228,1.616,48.899,1,Healthy,Healthy / Normal,1,0
SAT-1,1430,868.663,23.603,19.059,2.69,40.326,1,Minor_Unusual,Healthy / Normal,1,0
SAT-1,1298,1397.075,25.006,-4.622,1.468,48.717,1,Healthy,Healthy / Normal,1,0
SAT-1,1248,1889.42,22.549,7.472,2.246,42.464,1,Minor_Unusual,Healthy / Normal,1,0
SAT-1,2403,825.887,21.086,-2.731,4.512,19.225,1,Unhealthy_Anomaly,Warning Condition,0,5
SAT-1,250,913.94,21.952,-39.761,3.299,28.926,0,Warning,Unhealthy / Anomaly,0,6
SAT-1,1997,1463.856,22.841,-25.026,2.401,41.952,1,Minor_Unusual,Healthy / Normal,1,0
SAT-1,1035,1609.72,23.77,-10.837,3.145,38.837,1,Minor_Unusual,Healthy / Normal,1,0
SAT-1,1723,1348.169,27.755,-14.916,2.338,76.851,1,Healthy,Healthy / Normal,1,0
SAT-1,1355,1335.559,22.991,-22.715,3.911,27.33,1,Warning,Healthy / Normal,1,1
SAT-1,1335,1718.222,22.011,0.061,3.462,20.82,1,Warning,Minor Unusual Behavior,1,3
SAT-1,2500,1142.878,23.888,-27.655,2.721,39.261,1,Minor_Unusual,Healthy / Normal,1,0
SAT-1,2409,1275.791,23.651,3.963,3.224,36.985,1,Minor_Unusual,Healthy / Normal,1,0
SAT-1,1818,1137.958,22.196,-34.494,3.919,25.497,1,Warning,Warning Condition,0,5
SAT-1,2125,900.438,25.18,19.913,0.948,92.348,1,Healthy,Healthy / Normal,1,0
SAT-1,321,1246.307,26.716,19.067,1.395,73.733,1,Healthy,Healthy / Normal,1,0
SAT-1,1423,1194.346,24.627,-8.295,1.954,53.089,1,Healthy,Healthy / Normal,1,0
SAT-1,303,922.03,24.196,-13.064,1.764,55.336,1,Healthy,Healthy / Normal,1,0
SAT-1,1943,1623.449,20.865,44.392,4.89,14.141,0,Critical,Critical,0,9
SAT-1,2394,1595.583,24.145,-24.316,3.036,47.012,1,Minor_Unusual,Healthy / Normal,1,0
SAT-1,258,848.268,25.99,7.168,2.471,58.793,1,Healthy,Healthy / Normal,1,0
SAT-1,2244,1575.554,20.535,49.571,4.526,12.78,0,Critical,Critical,0,9
SAT-1,526,1362.994,24.046,-18.473,0.434,72.834,1,Healthy,Healthy / Normal,1,0
SAT-1,1654,1345.751,25.729,14.97,1.969,91.248,1,Healthy,Healthy / Normal,1,0
SAT-1,825,1771.618,25.836,-11.246,0.363,82.494,1,Healthy,Healthy / Normal,1,0
SAT-1,348,1025.999,28.355,13.278,0.302,87.952,1,Healthy,Healthy / Normal,1,0
SAT-1,1169,1711.122,22.496,30.888,3.21,21.124,1,Warning,Minor Unusual Behavior,1,3
SAT-1,1316,1288.123,25.565,8.393,2.226,51.161,1,Healthy,Healthy / Normal,1,0
SAT-1,874,962.873,22.882,28.27,2.076,47.872,1,Minor_Unusual,Healthy / Normal,1,0
SAT-1,202,749.668,20.536,-49.325,4.974,12.582,1,Critical,Unhealthy / Anomaly,0,7
SAT-1,2506,719.529,24.304,16.834,2.835,34.482,0,Minor_Unusual,Minor Unusual Behavior,1,2
SAT-1,2332,1199.997,26.956,0.531,1.159,94.003,0,Healthy,Minor Unusual Behavior,1,2
SAT-1,637,1001.768,22.566,-25.585,3.271,41.562,1,Minor_Unusual,Healthy / Normal,1,0
SAT-1,1953,1782.375,21.826,18.323,4.343,13.85,0,Unhealthy_Anomaly,Unhealthy / Anomaly,0,7
SAT-1,1445,1758.794,24.632,-10.337,0.562,52.646,1,Healthy,Healthy / Normal,1,0
SAT-1,2007,1805.66,25.654,-3.473,2.489,45.693,1,Healthy,Healthy / Normal,1,0
SAT-1,1984,1384.279,25.467,15.057,0.724,71.576,1,Healthy,Healthy / Normal,1,0
SAT-1,2090,909.46,21.746,35.922,3.077,31.802,0,Warning,Unhealthy / Anomaly,0,6
SAT-1,1859,1444.059,28.273,-19.145,1.434,89.708,1,Healthy,Healthy / Normal,1,0
SAT-1,1318,1103.456,28.649,9.258,1.634,91.132,1,Healthy,Healthy / Normal,1,0
SAT-1,1272,1679.567,26.732,-8.064,1.704,73.985,1,Healthy,Healthy / Normal,1,0
SAT-1,1382,804.79,20.821,31.43,4.577,21.085,1,Unhealthy_Anomaly,Unhealthy / Anomaly,0,7
SAT-1,2008,1262.589,22.284,30.356,3.035,26.373,0,Warning,Unhealthy / Anomaly,0,7
SAT-1,200,1598.947,26.98,11.725,0.763,83.274,1,Healthy,Healthy / Normal,1,0
SAT-1,242,1784.774,25.922,9.268,1.405,87.884,1,Healthy,Healthy / Normal,1,0
SAT-1,542,1009.054,25.991,-9.533,1.402,60.636,1,Healthy,Healthy / Normal,1,0
SAT-1,2074,1266.903,22.233,-8.687,3.065,27.636,1,Warning,Minor Unusual Behavior,1,3
SAT-1,338,851.38,27.724,7.455,0.553,45.976,1,Healthy,Healthy / Normal,1,0
SAT-1,1702,1364.483,23.047,20.132,2.307,42.621,1,Minor_Unusual,Healthy / Normal,1,0
SAT-1,1913,1372.633,22.422,-9.502,3.567,20.429,1,Warning,Minor Unusual Behavior,1,3
SAT-1,338,875.492,21.168,32.214,3.753,12.758,0,Unhealthy_Anomaly,Unhealthy / Anomaly,0,7
SAT-1,1862,1742.048,20.374,-48.824,4.811,13.293,0,Critical,Critical,0,9
SAT-1,456,1544.012,25.822,-9.846,1.747,91.484,1,Healthy,Healthy / Normal,1,0
SAT-1,900,749.766,21.364,11.65,4.4,14.833,1,Unhealthy_Anomaly,Warning Condition,0,5
SAT-1,964,979.321,20.565,-47.297,4.83,12.384,0,Critical,Critical,0,9
SAT-1,1827,1194.135,20.295,45.443,4.906,11.036,0,Critical,Critical,0,9
SAT-1,1635,1725.413,22.167,23.964,3.737,23.057,0,Warning,Warning Condition,0,5
SAT-1,785,756.56,22.923,-26.207,2.583,36.789,1,Minor_Unusual,Healthy / Normal,1,0
SAT-1,2323,1377.04,25.333,8.182,0.893,89.131,1,Healthy,Healthy / Normal,1,0
SAT-1,608,1287.171,23.859,8.004,2.907,39.201,1,Minor_Unusual,Healthy / Normal,1,0
SAT-1,2450,1218.701,28.759,7.103,0.926,69.052,1,Healthy,Healthy / Normal,1,0
SAT-1,849,1118.026,22.173,-8.349,3.831,31.421,1,Warning,Minor Unusual Behavior,1,2
SAT-1,1860,948.525,26.015,-18.625,1.755,63.091,0,Healthy,Minor Unusual Behavior,1,2
SAT-1,249,1728.535,24.211,-27.33,3.01,31.588,1,Minor_Unusual,Healthy / Normal,1,0
SAT-1,2014,1742.624,26.047,5.609,1.44,94.734,1,Healthy,Healthy / Normal,1,0
SAT-1,1881,1499.687,21.829,-15.755,3.019,21.206,1,Warning,Minor Unusual Behavior,1,3
SAT-1,765,831.996,26.198,-1.769,0.296,93.613,1,Healthy,Healthy / Normal,1,0
SAT-1,1281,876.921,24.135,-16.589,2.485,68.037,1,Healthy,Healthy / Normal,1,0
SAT-1,2254,1298.376,27.902,4.156,1.502,48.66,1,Healthy,Healthy / Normal,1,0
SAT-1,1634,703.299,22.537,-12.382,2.917,38.511,1,Minor_Unusual,Healthy / Normal,1,0
SAT-1,744,1815.968,28.13,-6.856,1.912,56.091,1,Healthy,Healthy / Normal,1,0
SAT-1,1998,1851.609,26.005,19.818,1.37,58.795,1,Healthy,Healthy / Normal,1,0
SAT-1,2375,1461.863,22.492,-24.252,3.089,26.682,1,Warning,Healthy / Normal,1,1
SAT-1,1443,1463.816,24.271,28.921,2.932,49.32,1,Minor_Unusual,Healthy / Normal,1,0
SAT-1,1636,1099.11,27.982,-14.962,2.052,79.067,0,Healthy,Minor Unusual Behavior,1,2
SAT-1,2199,973.784,21.014,-22.553,4.431,20.213,1,Unhealthy_Anomaly,Warning Condition,0,5
SAT-1,819,788.943,24.403,-5.504,0.587,93.428,1,Healthy,Healthy / Normal,1,0
SAT-1,1651,1710.755,20.369,44.78,4.828,14.322,0,Critical,Critical,0,9
SAT-1,906,1320.631,24.1,-15.59,1.285,74.946,1,Healthy,Healthy / Normal,1,0
SAT-1,1460,1889.846,27.29,5.089,1.872,55.7,1,Healthy,Healthy / Normal,1,0
SAT-1,1139,1660.181,20.573,-26.605,4.27,19.913,0,Unhealthy_Anomaly,Unhealthy / Anomaly,0,7
SAT-1,1280,1675.61,27.382,1.12,1.278,75.112,1,Healthy,Healthy / Normal,1,0
SAT-1,2065,787.502,21.132,11.948,4.427,15.595,1,Unhealthy_Anomaly,Warning Condition,0,5
SAT-1,2574,1852.584,23.589,-8.778,2.922,38.185,1,Minor_Unusual,Healthy / Normal,1,0
SAT-1,2346,1154.535,21.864,-10.146,3.046,28.518,0,Warning,Warning Condition,0,4
SAT-1,579,1369.562,27.784,-17.115,2.162,55.968,1,Healthy,Healthy / Normal,1,0
SAT-1,1759,1522.572,26.996,2.664,2.123,73.916,1,Healthy,Healthy / Normal,1,0
SAT-1,1550,753.607,24.945,-16.589,1.334,45.387,1,Healthy,Healthy / Normal,1,0
SAT-1,1694,756.001,25.865,17.758,0.482,88.576,0,Healthy,Minor Unusual Behavior,1,2
SAT-1,1253,755.505,24.344,14.322,0.249,55.675,1,Healthy,Healthy / Normal,1,0
SAT-1,2201,1252.168,25.99,-6.094,2.484,57.535,1,Healthy,Healthy / Normal,1,0
SAT-1,1449,1092.339,24.412,-20.259,2.5,47.924,1,Minor_Unusual,Healthy / Normal,1,0
SAT-1,1814,1471.851,25.701,2.88,0.651,81.58,1,Healthy,Healthy / Normal,1,0
SAT-1,2049,1606.925,24.997,10.655,0.25,61.034,1,Healthy,Healthy / Normal,1,0
SAT-1,1064,1049.71,21.777,9.291,3.765,29.944,1,Warning,Minor Unusual Behavior,1,2
SAT-1,1657,727.465,25.283,3.856,2.409,70.446,1,Healthy,Healthy / Normal,1,0
SAT-1,1606,1247.732,21.865,-43.315,4.497,18.462,0,Unhealthy_Anomaly,Critical,0,9
SAT-1,1448,1422.132,28.701,-2.551,0.691,67.829,1,Healthy,Healthy / Normal,1,0
SAT-1,1518,1266.277,27.056,-1.226,0.249,49.909,1,Healthy,Healthy / Normal,1,0
SAT-1,1503,1438.229,27.95,-5.226,1.524,90.461,1,Healthy,Healthy / Normal,1,0
SAT-1,349,1871.818,24.007,-19.543,0.671,90.601,1,Healthy,Healthy / Normal,1,0
SAT-1,232,1011.837,23.543,-9.369,2.518,48.081,0,Minor_Unusual,Minor Unusual Behavior,1,2
SAT-1,2443,1711.558,22.101,10.19,3.11,27.179,1,Warning,Minor Unusual Behavior,1,3
SAT-1,2138,936.027,23.893,-6.417,2.666,34.079,1,Minor_Unusual,Healthy / Normal,1,0
SAT-1,1362,1156.09,23.527,8.236,2.686,43.573,1,Minor_Unusual,Healthy / Normal,1,0
SAT-1,2321,747.513,23.751,-28.973,2.381,47.623,1,Minor_Unusual,Healthy / Normal,1,0
SAT-1,989,740.186,27.646,15.704,2.443,67.288,1,Healthy,Healthy / Normal,1,0
SAT-1,289,1397.552,26.023,-18.19,0.478,51.632,1,Healthy,Healthy / Normal,1,0
SAT-1,1192,1071.585,28.672,-7.296,0.777,87.743,1,Healthy,Healthy / Normal,1,0
SAT-1,2013,1550.817,26.993,14.789,1.708,72.318,1,Healthy,Healthy / Normal,1,0
SAT-1,1146,726.577,24.157,0.77,2.532,41.83,1,Minor_Unusual,Healthy / Normal,1,0
SAT-1,2271,1098.877,20.969,48.734,4.898,12.182,0,Critical,Critical,0,9
SAT-1,735,1469.549,22.896,17.272,2.489,38.295,1,Minor_Unusual,Healthy / Normal,1,0
SAT-1,584,1050.5,27.354,19.635,1.216,84.966,1,Healthy,Healthy / Normal,1,0
SAT-1,1255,1009.319,25.894,14.511,0.602,74.881,1,Healthy,Healthy / Normal,1,0
SAT-1,1567,1817.525,24.064,15.295,2.523,32.496,1,Minor_Unusual,Healthy / Normal,1,0
SAT-1,1535,1618.673,27.201,18.021,0.21,61.788,1,Healthy,Healthy / Normal,1,0
SAT-1,759,1354.773,22.758,21.369,2.988,43.905,1,Minor_Unusual,Healthy / Normal,1,0
SAT-1,716,1378.4,22.736,-27.395,2.296,46.682,1,Minor_Unusual,Healthy / Normal,1,0
SAT-1,2147,1704.298,23.754,10.794,2.85,40.022,1,Minor_Unusual,Healthy / Normal,1,0
SAT-1,1091,1571.919,24.498,31.87,2.181,45.13,1,Minor_Unusual,Minor Unusual Behavior,1,2
SAT-1,1701,1426.882,28.324,-5.878,0.995,91.719,1,Healthy,Healthy / Normal,1,0
SAT-1,1918,864.924,27.779,-14.21,0.745,71.572,1,Healthy,Healthy / Normal,1,0
SAT-1,2145,708.819,27.282,4.087,1.515,80.142,1,Healthy,Healthy / Normal,1,0
SAT-1,1992,1565.858,24.349,-16.957,2.411,39.275,1,Minor_Unusual,Healthy / Normal,1,0
SAT-1,1401,913.341,20.919,-16.195,3.751,13.27,0,Unhealthy_Anomaly,Warning Condition,0,5
SAT-1,1201,1471.424,27.609,3.543,0.674,50.644,0,Healthy,Minor Unusual Behavior,1,2
SAT-1,486,806.495,22.211,-35.557,3.069,31.912,1,Warning,Warning Condition,0,4
SAT-1,2061,1345.487,26.628,10.219,1.181,48.409,1,Healthy,Healthy / Normal,1,0
SAT-1,1262,973.551,24.235,-17.017,2.119,49.557,1,Minor_Unusual,Healthy / Normal,1,0
SAT-1,280,910.073,21.43,-6.102,4.053,19.506,0,Unhealthy_Anomaly,Unhealthy / Anomaly,0,7
SAT-1,2190,1428.227,28.803,-11.752,1.171,78.497,1,Healthy,Healthy / Normal,1,0
SAT-1,1116,1761.654,21.967,-9.576,4.315,16.088,0,Unhealthy_Anomaly,Unhealthy / Anomaly,0,7
SAT-1,1638,1183.756,28.35,5.61,1.292,93.247,1,Healthy,Healthy / Normal,1,0
SAT-1,1657,1147.174,22.748,29.816,3.819,31.974,1,Warning,Healthy / Normal,1,0
SAT-1,622,1264.151,28.124,-8.396,2.076,66.564,0,Healthy,Minor Unusual Behavior,1,2
SAT-1,1530,1560.905,20.759,36.456,3.912,18.802,0,Unhealthy_Anomaly,Unhealthy / Anomaly,0,7
SAT-1,499,1829.815,25.48,8.145,1.87,76.19,1,Healthy,Healthy / Normal,1,0
SAT-1,1083,1364.974,22.489,22.144,3.491,20.394,0,Warning,Minor Unusual Behavior,1,3
SAT-1,2317,1860.293,22.635,-0.726,3.93,23.536,1,Warning,Healthy / Normal,1,1
